country,method,regime,origin,median,q25,q75,iqr
ghana,pinn_joint,daily,45,13.746571438521547,11.624165963709345,19.310661081380534,7.686495117671189
ghana,pinn_joint,daily,60,14.331478558734116,13.36143114699842,15.593228239894948,2.231797092896528
ghana,pinn_joint,daily,75,5.530465242284131,4.404665639838408,6.041037709015031,1.6363720691766233
ghana,pinn_joint,daily,90,1.9233068486329576,1.8726436616692463,2.186509306540397,0.31386564487115076
ghana,pinn_joint,daily,105,9.114416484315996,7.140450621411986,9.340138763050332,2.1996881416383456
ghana,pinn_joint,mask,45,15.50757164844137,14.832484621196294,18.990630707497523,4.15814608630123
ghana,pinn_joint,mask,60,20.70208024615651,20.664565305829225,21.219803242651757,0.5552379368225324
ghana,pinn_joint,mask,75,3.814173863924405,2.9358044802646526,5.021097317617292,2.085292837352639
ghana,pinn_joint,mask,90,1.9518711042085009,1.9020755711648678,1.9649029131572588,0.06282734199239104
ghana,pinn_joint,mask,105,8.697156869144127,8.599707612043328,8.717694170734063,0.11798655869073471
ghana,pinn_joint,weekly,75,1.255143385188977,1.2503095954132322,1.3777321572543038,0.1274225618410716
ghana,pinn_joint,weekly,90,2.720884350480626,2.594116835542401,2.73180151559653,0.1376846800541287
ghana,pinn_joint,weekly,105,10.193109850513014,10.143877013970016,10.227338386880632,0.08346137291061595
ghana,pinn_split,daily,45,6.349097207711636,6.311289567145968,6.365139991693496,0.05385042454752842
ghana,pinn_split,daily,60,8.080307699594705,8.070115004204006,8.13492368164805,0.06480867744404506
ghana,pinn_split,daily,75,1.2725536241822375,1.2511387729808863,1.6513512072149106,0.4002124342340243
ghana,pinn_split,daily,90,3.0330990418560813,2.8530801806037807,3.2667356575462727,0.41365547694249205
ghana,pinn_split,mask,45,7.761420589684457,7.7528834148505865,7.840234141218323,0.08735072636773644
ghana,pinn_split,mask,60,10.582199302543032,10.57556446337022,10.698257192169248,0.12269272879902715
ghana,pinn_split,mask,75,3.8848846323030792,2.9289309165271726,4.0190446999975595,1.090113783470387
ghana,pinn_split,mask,90,2.53351841974379,2.4969732735920536,2.6048490028545896,0.10787572926253608
ghana,pinn_split,weekly,75,1.5963169904935437,1.56141166465998,1.6067840429365168,0.04537237827653673
ghana,pinn_split,weekly,90,2.046379707923128,2.0249553850529436,2.098527822226406,0.07357243717346229
italy_primary,pinn_joint,daily,45,1.938998361066612,1.7418782531633474,3.882006113035034,2.1401278598716864
italy_primary,pinn_joint,daily,60,2.820641876315282,2.5119247529670723,2.820994395892958,0.3090696429258859
italy_primary,pinn_joint,daily,75,1.0613513768552143,0.9329699702712502,1.1887572020445734,0.2557872317733232
italy_primary,pinn_joint,sparse20,45,5.047470426233929,3.9158580629371365,5.4520671104612966,1.53620904752416
italy_primary,pinn_joint,sparse20,60,3.3986023333474926,3.305874877127902,3.4827715018427217,0.1768966247148196
italy_primary,pinn_joint,sparse20,75,1.2347192120903616,1.119205312282535,1.3375734161509638,0.21836810386842886
italy_primary,pinn_joint,sparse30,45,2.1897620569088456,1.9085136192779664,2.275542722860912,0.3670291035829458
italy_primary,pinn_joint,sparse30,60,3.342640564241504,2.774724141355512,3.441064870632247,0.6663407292767349
italy_primary,pinn_joint,sparse30,75,1.25740514024302,0.8944934677340363,1.3072088546326632,0.41271538689862697
italy_primary,pinn_joint,sparse40,45,2.914486703666185,2.7511332452189867,3.9409672345019526,1.189833989282966
italy_primary,pinn_joint,sparse40,60,3.524953720389014,3.463655452644989,3.9837174448400248,0.5200619921950356
italy_primary,pinn_joint,sparse40,75,1.3843741502416602,1.1231496754859704,1.3964230273591118,0.2732733518731414
italy_primary,pinn_joint,weekly,75,2.294216475069004,2.1477182466666633,2.4721854176352087,0.3244671709685454
italy_primary,pinn_split,daily,45,3.5004664857917662,3.2216346241937854,4.218132070742765,0.9964974465489798
italy_primary,pinn_split,daily,60,2.1386657901624444,2.1276046623863043,2.393923821290706,0.26631915890440183
italy_primary,pinn_split,daily,75,0.5270061492351078,0.5163562196211393,0.5866682677587158,0.07031204813757652
italy_primary,pinn_split,sparse20,45,1.5912862993152408,1.556084658811304,2.4031397279874467,0.8470550691761427
italy_primary,pinn_split,sparse20,60,3.533266933174393,3.197577411910413,4.137563727282904,0.9399863153724914
italy_primary,pinn_split,sparse20,75,0.5224190086646111,0.5140317048262983,0.5326796016218689,0.01864789679557055
italy_primary,pinn_split,sparse30,45,2.1779250003926376,2.0480679833430186,2.217568652625958,0.1695006692829395
italy_primary,pinn_split,sparse30,60,2.4296177950434785,2.3395006643057967,2.7609538096600312,0.4214531453542345
italy_primary,pinn_split,sparse30,75,0.5241973195857967,0.5176732312611383,0.5332541933061338,0.015580962044995483
italy_primary,pinn_split,sparse40,45,2.190164624625686,2.135911561400616,2.4553501244660136,0.31943856306539775
italy_primary,pinn_split,sparse40,60,3.6693485458558777,3.484233018152437,3.9796105632060925,0.4953775450536555
italy_primary,pinn_split,sparse40,75,0.6257017450564166,0.5849738788969187,0.8367912438662067,0.2518173649692881
italy_primary,pinn_split,weekly,75,1.6812784263581149,1.5917488393831558,1.7412716215527222,0.14952278216956638
