date,H_synthetic_seiqhrs,H_synthetic_dwomoh_scenario1,H_synthetic_dwomoh_scenario3,H_synthetic_dwomoh_scenario5
2020-03-12,0.0,0.0,0.0,0.0
2020-03-13,0.016666666666666666,0.0,0.016666666666666666,0.016666666666666666
2020-03-14,0.032860781444444445,0.0,0.03299967033333333,0.032860781444444445
2020-03-15,0.05692907598392821,0.0,0.05733902419318747,0.05692907598392821
2020-03-16,0.11031495944059395,0.0,0.11119110954342518,0.11031495944059395
2020-03-17,0.1621871868932127,0.0,0.1639650879924099,0.1621871868932127
2020-03-18,0.21092200853534826,0.0,0.21401587633645455,0.21092200853534826
2020-03-19,0.2582750462561846,0.0,0.26306465890902486,0.2582750462561846
2020-03-20,0.29595214459851105,0.0,0.30279816231189116,0.29595214459851105
2020-03-21,0.3025609799014664,0.0,0.3117362097180028,0.3025609799014664
2020-03-22,0.30898243414807575,0.0,0.3204953193814145,0.30898243414807575
2020-03-23,0.30022182017466614,0.0,0.31407907359636883,0.30022182017466614
2020-03-24,0.29170959688211423,0.0,0.30779127964036573,0.29170959688211423
2020-03-25,0.2834387216212947,0.0,0.3016293659360471,0.2834387216212947
2020-03-26,0.275402351424111,0.0,0.29559081238846796,0.275402351424111
2020-03-27,0.2675938373419167,0.0,0.28967314935442956,0.2675938373419167
2020-03-28,0.2600067189444598,0.0,0.28387395663244674,0.2600067189444598
2020-03-29,0.2526347189747994,0.0,0.2781908624729356,0.2526347189747994
2020-03-30,1.487138404822439,0.0,1.514288209274884,1.487138404822439
2020-03-31,2.686640067754823,0.0,2.7256391591352735,2.686640067754823
2020-04-01,3.8521321240945627,0.0,3.912739129476667,3.8521321240945627
2020-04-02,7.577912185405136,0.0,7.669406952907153,7.577912185405136
2020-04-03,11.348054782382297,0.0,11.500867112979481,11.348054782382297
2020-04-04,13.76963543235787,0.0,14.013955616901729,13.76963543235787
2020-04-05,16.767556731718877,0.0,17.121732641854926,16.767556731718877
2020-04-06,19.950477628714687,0.0,20.437292654479506,19.950477628714687
2020-04-07,21.08315280878694,0.0,21.726475885074542,21.08315280878694
2020-04-08,22.233713121108753,0.0,23.039849951013377,22.233713121108753
2020-04-09,23.35165146649847,0.0,24.32693055709441,23.35165146649847
2020-04-10,24.932892779281673,0.0,26.083244092599436,24.932892779281673
2020-04-11,26.559300977916184,0.0,27.89439661751263,26.559300977916184
2020-04-12,27.506262107235216,0.0,29.035956933997284,27.506262107235216
2020-04-13,30.334707273665735,0.0,32.062996797422514,30.334707273665735
2020-04-14,33.082957213735334,0.0,35.02943598873075,33.082957213735334
2020-04-15,35.19661904511914,0.0,37.37982105337894,35.19661904511914
2020-04-16,40.68535198304939,0.0,43.11815192611759,40.68535198304939
2020-04-17,46.06012892060076,0.0,48.783269343883475,46.06012892060076
2020-04-18,50.22418086516702,0.0,53.27663902393818,50.22418086516702
2020-04-19,54.27016897302311,0.0,57.68005243153952,54.27016897302311
2020-04-20,57.693107388178504,0.0,61.4869771381383,57.693107388178504
2020-04-21,57.22399484251598,0.0,61.42268804963441,57.22399484251598
2020-04-22,56.72651643136004,0.0,61.3180193478721,56.72651643136004
2020-04-23,60.50980974864316,0.0,65.48211275715863,60.50980974864316
2020-04-24,64.1858349217281,0.0,69.56284193249179,64.1858349217281
2020-04-25,67.68263333646439,0.0,73.4868758074952,67.68263333646439
2020-04-26,82.90861996277717,0.0,89.16068472094182,82.90861996277717
2020-04-27,97.70290246466229,0.0,104.5207074281792,97.70290246466229
2020-04-28,107.76105433141944,0.0,115.25655919335601,107.76105433141944
2020-04-29,124.96569294504121,0.0,133.20914823474806,124.96569294504121
2020-04-30,141.68252649019192,0.0,150.80233039310102,141.68252649019192
2020-05-01,147.89705242592916,0.0,158.01496758181048,147.89705242592916
2020-05-02,160.78704387016418,0.0,171.93487602744884,160.78704387016418
2020-05-03,176.89489725944844,0.0,189.1594443017187,176.89489725944844
2020-05-04,185.11437618936293,0.0,198.60751384187606,185.11437618936293
2020-05-05,194.52580730163663,0.0,209.29143510841473,194.52580730163663
2020-05-06,210.12039504095517,0.0,226.21146662165998,210.12039504095517
2020-05-07,221.5128276667142,0.0,239.032762826417,221.5128276667142
2020-05-08,227.9989160257594,0.0,247.01404616850664,227.9989160257594
2020-05-09,241.9844369198039,0.0,262.5188793073033,241.9844369198039
2020-05-10,261.8050914215805,0.0,283.9449757643912,261.8050914215805
2020-05-11,276.4554353265941,0.0,300.33379315081606,276.4554353265941
2020-05-12,304.9870630371632,0.0,330.6911766853712,304.9870630371632
2020-05-13,336.47473027367005,0.0,364.20581208018893,336.47473027367005
2020-05-14,365.94129077908457,0.0,395.9211585142889,365.94129077908457
2020-05-15,396.6790492216122,0.0,429.10823735682106,396.6790492216122
2020-05-16,423.8036298487396,0.0,458.8892515154164,423.8036298487396
2020-05-17,433.5791441672269,0.0,471.4940563223798,433.5791441672269
2020-05-18,445.35749222035054,0.0,486.12651571016477,445.35749222035054
2020-05-19,453.3918874362445,0.0,497.0560364801474,453.3918874362445
2020-05-20,454.3734825340174,0.0,500.94175064880955,454.3734825340174
2020-05-21,455.86891302140236,0.0,505.29134034133887,455.86891302140236
2020-05-22,461.0669433986964,0.0,513.2988522051335,461.0669433986964
2020-05-23,463.8342600982596,0.0,518.8627221097341,463.8342600982596
2020-05-24,466.52311475381083,0.0,524.3152045628962,466.52311475381083
2020-05-25,469.45239867524305,0.0,529.9751961835586,469.45239867524305
2020-05-26,475.16362827766534,0.0,538.3868760171736,475.16362827766534
2020-05-27,478.42459340656416,0.0,544.3418225377558,478.42459340656416
2020-05-28,479.3814333549206,0.0,547.9658856724175,479.3814333549206
2020-05-29,483.98947724511277,0.0,555.1957291937505,483.98947724511277
2020-05-30,488.773535411308,0.0,562.5874995050187,488.773535411308
2020-05-31,492.80528396745717,0.0,569.2146215341781,492.80528396745717
2020-06-01,500.769386566529,0.0,579.7557367049473,500.769386566529
2020-06-02,511.12934872867777,0.0,592.7074877357096,511.12934872867777
2020-06-03,518.0839070428474,0.0,602.2882808935547,518.0839070428474
2020-06-04,526.9979486436188,0.0,613.8339353468208,526.9979486436188
2020-06-05,537.7325827459588,0.0,627.2217816713098,537.7325827459588
2020-06-06,548.0661898843366,0.0,640.2449395910422,548.0661898843366
2020-06-07,560.4568070883778,0.0,655.3573767543163,560.4568070883778
2020-06-08,575.2961117185629,0.0,672.9672662503178,575.2961117185629
2020-06-09,588.4063425294471,0.0,688.9162762994517,588.4063425294471
2020-06-10,600.4465241469909,0.0,703.8476573428509,600.4465241469909
2020-06-11,611.3186624639119,0.0,717.6534487559983,611.3186624639119
2020-06-12,619.5108751442908,0.0,728.8111845956619,619.5108751442908
2020-06-13,627.5074797567589,0.0,739.782211685184,627.5074797567589
2020-06-14,635.7556890657012,0.0,751.0119345593332,635.7556890657012
2020-06-15,650.6917026279766,0.0,768.9385075187477,650.6917026279766
2020-06-16,663.7459003716393,0.0,785.0478610980273,663.7459003716393
2020-06-17,678.7483043005335,0.0,803.1530422960409,678.7483043005335
2020-06-18,698.2153433705594,0.0,825.7857617496102,698.2153433705594
2020-06-19,715.067097942235,0.0,845.9020458055838,715.067097942235
2020-06-20,725.1727194733411,0.0,859.3472729470061,725.1727194733411
2020-06-21,741.3001485052052,0.0,878.8316629323405,741.3001485052052
2020-06-22,759.228648047287,0.0,900.1843130500675,759.228648047287
2020-06-23,772.7704854766222,0.0,917.2311544766874,772.7704854766222
2020-06-24,794.5217029879152,0.0,942.5300552215848,794.5217029879152
2020-06-25,820.3262057639726,0.0,971.9924775393275,820.3262057639726
2020-06-26,844.3624038816433,0.0,999.8284019773353,844.3624038816433
2020-06-27,870.6571009499813,0.0,1030.0470573319974,870.6571009499813
2020-06-28,898.1379281589417,0.0,1061.59240852123,898.1379281589417
2020-06-29,923.8812550262194,0.0,1091.5478953862983,923.8812550262194
2020-06-30,950.7413450959187,0.0,1122.7503466612015,950.7413450959187
2020-07-01,975.5782013210617,0.0,1152.066465059454,975.5782013210617
2020-07-02,997.1791886801428,0.0,1178.2640145502528,997.1791886801428
2020-07-03,1030.7843874631867,0.0,1216.5537615303733,1030.7843874631867
2020-07-04,1067.1384409032123,0.0,1257.7786228663629,1067.1384409032123
2020-07-05,1097.651743745927,0.0,1293.3681715478754,1097.651743745927
2020-07-06,1155.7415661216344,0.0,1356.6868919611513,1155.7415661216344
2020-07-07,1223.2710278466768,0.0,1429.8246521885387,1223.2710278466768
2020-07-08,1280.1424857567567,0.0,1492.7548772131477,1280.1424857567567
2020-07-09,1340.5914607752804,0.0,1559.6152529774135,1340.5914607752804
2020-07-10,1403.76651915422,0.0,1629.5770987281614,1403.76651915422
2020-07-11,1428.768701276435,0.0,1661.7566570519186,1428.768701276435
2020-07-12,1450.7319936953581,0.0,1690.961987697537,1450.7319936953581
2020-07-13,1462.7575583951543,0.0,1710.267634048803,1462.7575583951543
2020-07-14,1462.3654942294531,0.0,1717.1101189406922,1462.3654942294531
2020-07-15,1461.129546303476,0.0,1722.9606187903923,1461.129546303476
2020-07-16,1467.720308015785,0.0,1736.4856595868782,1467.720308015785
2020-07-17,1474.3858677809785,0.0,1750.001598708794,1474.3858677809785
2020-07-18,1483.1707715080527,0.0,1765.555285036329,1483.1707715080527
2020-07-19,1503.114929197464,0.0,1792.205923318731,1503.114929197464
2020-07-20,1520.5886079235697,0.0,1816.41802168586,1520.5886079235697
2020-07-21,1552.6951867897371,0.0,1855.2737325036737,1552.6951867897371
2020-07-22,1574.1231108532331,0.0,1883.583227205838,1574.1231108532331
2020-07-23,1600.9601532239255,0.0,1917.3426387188206,1600.9601532239255
2020-07-24,1633.9246152240835,0.0,1957.314527573717,1633.9246152240835
2020-07-25,1661.282765430512,0.0,1991.8145213408873,1661.282765430512
2020-07-26,1692.6785602368807,0.0,2030.4371661561706,1692.6785602368807
2020-07-27,1730.1658531815808,0.0,2075.2682607859006,1730.1658531815808
2020-07-28,1768.3285979941934,0.0,2120.9401800973174,1768.3285979941934
2020-07-29,1792.654310178023,0.0,2152.942757631942,1792.654310178023
2020-07-30,1823.5869793540571,0.0,2191.6013172715575,1823.5869793540571
2020-07-31,1849.5576110552406,0.0,2225.4009410520707,1849.5576110552406
2020-08-01,1871.4602278257955,0.0,2255.1922371337487,1871.4602278257955
2020-08-02,1878.628503887425,0.0,2270.273784688623,1878.628503887425
2020-08-03,1905.9968703388079,0.0,2305.4567363127226,1905.9968703388079
2020-08-04,1937.5542583944464,0.0,2344.9003329855573,1937.5542583944464
2020-08-05,1944.568562916706,0.0,2359.9059441972595,1944.568562916706
2020-08-06,1965.7189900678916,0.0,2388.946146373738,1965.7189900678916
2020-08-07,1994.7747367610111,0.0,2425.909970091488,1994.7747367610111
2020-08-08,1995.4449959084893,0.0,2434.5721195237834,1995.4449959084893
2020-08-09,1994.3662511223963,0.0,2441.330854630117,1994.3662511223963
2020-08-10,1994.7180921094812,0.0,2449.3542813465433,1994.7180921094812
2020-08-11,1978.8749573091839,0.0,2441.032080825261,1978.8749573091839
2020-08-12,1960.1476913721015,0.0,2429.543155594197,1960.1476913721015
2020-08-13,1938.8130683952234,0.0,2415.145902785362,1938.8130683952234
2020-08-14,1906.1433484015324,0.0,2389.0968798103645,1906.1433484015324
2020-08-15,1877.124916681391,0.0,2366.294352544541,1877.124916681391
2020-08-16,1842.4359145112328,0.0,2337.4549935246905,1842.4359145112328
2020-08-17,1811.8371202176922,0.0,2312.299658794425,1811.8371202176922
2020-08-18,1779.5858970066197,0.0,2285.1279283312856,1779.5858970066197
2020-08-19,1754.0940963823894,0.0,2264.3451699342377,1754.0940963823894
2020-08-20,1730.8417343369952,0.0,2245.4951444547582,1730.8417343369952
2020-08-21,1706.056982481275,0.0,2224.830825671706,1706.056982481275
2020-08-22,1678.6766221705254,0.0,2201.2818686712067,1678.6766221705254
2020-08-23,1653.047580318774,0.0,2179.179356609087,1653.047580318774
2020-08-24,1621.97520159527,0.0,2151.349331975898,1621.97520159527
2020-08-25,1589.722154880583,0.0,2122.0147916465935,1589.722154880583
2020-08-26,1556.883582454743,0.0,2091.7675223610827,1556.883582454743
2020-08-27,1519.9960857945975,0.0,2057.145796752269,1519.9960857945975
2020-08-28,1490.256131174507,0.0,2029.3188571400303,1490.256131174507
2020-08-29,1458.659396858288,0.0,1999.349006736902,1458.659396858288
2020-08-30,1424.3785283311,0.0,1966.3991461454775,1424.3785283311
2020-08-31,1397.8946291544285,0.0,1940.9339345141238,1397.8946291544285
2020-09-01,1372.1616309726217,0.0,1915.9785308172834,1372.1616309726217
2020-09-02,1343.5565767380035,0.0,1887.9210621455982,1343.5565767380035
2020-09-03,1316.2958981813388,0.0,1860.9586311574103,1316.2958981813388
2020-09-04,1290.5748114000014,0.0,1835.3026487725379,1290.5748114000014
2020-09-05,1266.2046641738984,0.0,1810.781960177361,1266.2046641738984
2020-09-06,1244.952153160714,0.0,1789.178837039975,1244.952153160714
2020-09-07,1223.248883667571,0.0,1766.9548703417788,1223.248883667571
2020-09-08,1204.3976361007374,0.0,1747.4124892342745,1204.3976361007374
2020-09-09,1188.3375467593078,0.0,1730.5180089638852,1188.3375467593078
2020-09-10,1167.1611442844526,0.0,1708.390085805057,1167.1611442844526
2020-09-11,1145.2834920822925,0.0,1685.4034921330585,1145.2834920822925
2020-09-12,1123.6861394324874,0.0,1662.537085009323,1123.6861394324874
2020-09-13,1100.3811389700622,0.0,1637.808458325595,1100.3811389700622
2020-09-14,1075.205241160315,0.0,1611.0432266411108,1075.205241160315
2020-09-15,1051.373158434436,0.0,1585.443829006599,1051.373158434436
2020-09-16,1027.901789451053,0.0,1560.0419256808625,1027.901789451053
2020-09-17,1005.1325735192112,0.0,1535.1852295379554,1005.1325735192112
2020-09-18,983.5922690805294,0.0,1511.4094923166892,983.5922690805294
2020-09-19,962.5960326681653,0.0,1488.0430734572642,962.5960326681653
2020-09-20,942.3517715930411,0.0,1465.3011118294592,942.3517715930411
2020-09-21,924.0148316798628,0.0,1444.3477726035446,924.0148316798628
2020-09-22,904.844467768896,0.0,1422.460581285865,904.844467768896
2020-09-23,885.9793100252049,0.0,1400.7732333898498,885.9793100252049
2020-09-24,869.6507049037384,0.0,1381.521728094163,869.6507049037384
2020-09-25,851.1233999071895,0.0,1359.9939670324982,851.1233999071895
2020-09-26,831.736401688969,0.0,1337.5121870111802,831.736401688969
2020-09-27,815.5840852284227,0.0,1318.1654872798974,815.5840852284227
2020-09-28,800.5030705604116,0.0,1299.8194375542944,800.5030705604116
2020-09-29,784.7879829437976,0.0,1280.7790050414003,784.7879829437976
2020-09-30,770.451800320754,0.0,1263.0530911318526,770.451800320754
2020-10-01,758.2987597750557,0.0,1247.4587127857396,758.2987597750557
2020-10-02,743.5236290986275,0.0,1229.209863796686,743.5236290986275
2020-10-03,729.4390860434494,0.0,1211.598019416313,729.4390860434494
2020-10-04,715.3972169670964,0.0,1193.9820936191627,715.3972169670964
2020-10-05,702.0401452627437,0.0,1177.0055014476343,702.0401452627437
2020-10-06,686.6684547928927,0.0,1157.9754435831962,686.6684547928927
2020-10-07,673.2559329383917,0.0,1140.849696623925,673.2559329383917
2020-10-08,659.323697836117,0.0,1123.166803351114,659.323697836117
2020-10-09,645.6081516413506,0.0,1105.6595843780547,645.6081516413506
2020-10-10,631.9648172156062,0.0,1088.1861894105812,631.9648172156062
2020-10-11,619.0783137970795,0.0,1071.4326079662096,619.0783137970795
2020-10-12,605.7938495371154,0.0,1054.2510962032331,605.7938495371154
2020-10-13,593.29437453122,0.0,1037.8218878591522,593.29437453122
2020-10-14,580.9709652234405,0.0,1021.5432553183606,580.9709652234405
2020-10-15,568.7436296030843,0.0,1005.3371840864032,568.7436296030843
2020-10-16,557.3313103486701,0.0,989.9238881685072,557.3313103486701
2020-10-17,545.9058992088057,0.0,974.4824963772958,545.9058992088057
2020-10-18,534.8527673792032,0.0,959.3985711859715,534.8527673792032
2020-10-19,524.6313595823871,0.0,945.1349561918473,524.6313595823871
2020-10-20,514.9797605192603,0.0,931.4368956319103,514.9797605192603
2020-10-21,505.9568143382181,0.0,918.3680672308097,505.9568143382181
2020-10-22,498.19136343951436,0.0,906.5625405658237,498.19136343951436
2020-10-23,489.40942058355927,0.0,893.7566912807882,489.40942058355927
2020-10-24,479.706473148686,0.0,880.0372122811523,479.706473148686
2020-10-25,472.783634482101,0.0,869.0973942328036,472.783634482101
2020-10-26,466.5387465114847,0.0,858.8582556016896,466.5387465114847
2020-10-27,459.25425389058665,0.0,847.6074356066933,459.25425389058665
2020-10-28,452.7096326478781,0.0,837.1151878861499,452.7096326478781
2020-10-29,450.1955717929878,0.0,830.6779926566771,450.1955717929878
2020-10-30,446.1961257237764,0.0,822.8130019928489,446.1961257237764
2020-10-31,441.45340973556927,0.0,814.2488000451458,441.45340973556927
2020-11-01,439.78016451128354,0.0,808.7910515363113,439.78016451128354
2020-11-02,439.8610276651431,0.0,805.1492326185858,439.8610276651431
2020-11-03,437.3029314301702,0.0,798.9436554477262,437.3029314301702
2020-11-04,438.57069852099835,0.0,796.6156458999336,438.57069852099835
2020-11-05,441.65585380115334,0.0,796.187575924459,441.65585380115334
2020-11-06,444.8518686573325,0.0,795.9664091490514,444.8518686573325
2020-11-07,448.2905998754127,0.0,796.083003417164,448.2905998754127
2020-11-08,454.17349902421046,0.0,798.7389301603465,454.17349902421046
2020-11-09,459.19459966671377,0.0,800.6466858344344,459.19459966671377
2020-11-10,464.0016698069755,0.0,802.4445819929665,464.0016698069755
2020-11-11,469.4057778760824,0.0,804.9398179992753,469.4057778760824
2020-11-12,476.498329323307,0.0,809.2267665963565,476.498329323307
2020-11-13,481.87478485552595,0.0,811.9128914256528,481.87478485552595
2020-11-14,483.0771344680416,0.0,810.5235739601474,483.0771344680416
2020-11-15,483.07872705906067,0.0,807.9954036579849,483.07872705906067
2020-11-16,478.52194116183273,0.0,800.9595134357409,478.52194116183273
2020-11-17,469.67935433158465,0.0,789.6494801878503,469.67935433158465
2020-11-18,463.8024823678944,0.0,781.2808713173752,463.8024823678944
2020-11-19,458.4855713543695,0.0,773.4731334887264,458.4855713543695
2020-11-20,452.30274465472763,0.0,764.8050381870381,452.30274465472763
2020-11-21,456.48022034122107,0.0,766.4954762463087,456.48022034122107
2020-11-22,463.6442515861281,0.0,771.2570721075291,463.6442515861281
2020-11-23,467.0018269078914,0.0,772.3200085338256,467.0018269078914
2020-11-24,471.6592045160316,0.0,774.7566652067136,471.6592045160316
2020-11-25,477.8511976356787,0.0,778.8112072157415,477.8511976356787
2020-11-26,475.1059618059786,0.0,774.0229115190813,475.1059618059786
2020-11-27,470.8435619588847,0.0,767.7354764488431,470.8435619588847
2020-11-28,467.7470144177274,0.0,762.6189144454754,467.7470144177274
2020-11-29,464.5149303066133,0.0,757.3814515544382,464.5149303066133
2020-11-30,461.4028191759378,0.0,752.277174851571,461.4028191759378
2020-12-01,460.1172794181896,0.0,749.0134179786877,460.1172794181896
2020-12-02,460.0531887148873,0.0,747.000000800373,460.0531887148873
2020-12-03,459.77758184922607,0.0,744.813558457683,459.77758184922607
2020-12-04,460.8831226295957,0.0,744.0442215430097,460.8831226295957
2020-12-05,462.47565122025816,0.0,743.8086199174473,462.47565122025816
2020-12-06,462.9513600006364,0.0,742.5060683179298,462.9513600006364
2020-12-07,463.0402476227175,0.0,740.8562601815399,463.0402476227175
2020-12-08,464.06661500397587,0.0,740.1794808410827,464.06661500397587
2020-12-09,463.6622150078851,0.0,738.1145838074634,463.6622150078851
2020-12-10,462.73261434404884,0.0,735.5543588915131,462.73261434404884
2020-12-11,462.54603741985574,0.0,733.7620557817972,462.54603741985574
2020-12-12,462.29475053233966,0.0,731.9356341860313,462.29475053233966
2020-12-13,461.1139217437578,0.0,729.2091104821332,461.1139217437578
2020-12-14,460.57990646097926,0.0,727.1505045162852,460.57990646097926
2020-12-15,459.99269884070173,0.0,725.0647780556468,459.99269884070173
2020-12-16,459.1888070512988,0.0,722.7874740465572,459.1888070512988
2020-12-17,458.38104143024185,0.0,720.5290944960561,458.38104143024185
2020-12-18,457.38617847938553,0.0,718.1059272073126,457.38617847938553
2020-12-19,455.6711896571926,0.0,714.9829378612595,455.6711896571926
2020-12-20,453.7498261074407,0.0,711.6674700748567,453.7498261074407
2020-12-21,451.7512725295028,0.0,708.2867105574682,451.7512725295028
2020-12-22,449.97105083432956,0.0,705.1352997685173,449.97105083432956
2020-12-23,448.1463039666381,0.0,701.9519795302508,448.1463039666381
2020-12-24,446.0349610203575,0.0,698.4940553294907,446.0349610203575
2020-12-25,444.5718145532517,0.0,695.6936913438199,444.5718145532517
2020-12-26,441.6834861770844,0.0,691.4827233623954,441.6834861770844
2020-12-27,439.6987175693771,0.0,688.1777247002127,439.6987175693771
2020-12-28,438.1735566642779,0.0,685.3422247174806,438.1735566642779
2020-12-29,435.39663881917255,0.0,681.2684908205928,435.39663881917255
2020-12-30,433.5101219071135,0.0,678.0879788467658,433.5101219071135
2020-12-31,433.16876028953396,0.0,676.4628066896089,433.16876028953396
2021-01-01,431.72541066991863,0.0,673.7585034548338,431.72541066991863
2021-01-02,429.19798450564787,0.0,669.9833397758721,429.19798450564787
2021-01-03,428.068885408521,0.0,667.6104207098939,428.068885408521
2021-01-04,427.66179978605953,0.0,665.9750069615744,427.66179978605953
2021-01-05,426.1245896417214,0.0,663.2306671700386,426.1245896417214
2021-01-06,423.80096419082287,0.0,659.7112684573746,423.80096419082287
2021-01-07,426.9915540890112,0.0,661.7106606660036,426.9915540890112
2021-01-08,432.0750141635493,0.0,665.6533588158155,432.0750141635493
2021-01-09,436.8843423184686,0.0,669.3871250160619,436.8843423184686
2021-01-10,445.76564438048763,0.0,677.2544753717411,445.76564438048763
2021-01-11,457.67346721192797,0.0,688.2426564374501,457.67346721192797
2021-01-12,466.9636661930752,0.0,696.7308565356235,466.9636661930752
2021-01-13,474.8021257762874,0.0,703.8607914019021,474.8021257762874
2021-01-14,485.15000729324476,0.0,713.5796532074102,485.15000729324476
2021-01-15,494.77116081945854,0.0,722.6706122043881,494.77116081945854
2021-01-16,502.49952468934623,0.0,729.9595722022576,502.49952468934623
2021-01-17,515.2754320492164,0.0,742.3692754912076,515.2754320492164
2021-01-18,532.5974359931093,0.0,759.438872583781,532.5974359931093
2021-01-19,553.5733071960207,0.0,780.3117400978723,553.5733071960207
2021-01-20,574.3444471454504,0.0,801.1567373963624,574.3444471454504
2021-01-21,602.7583272764981,0.0,829.8160891015027,602.7583272764981
2021-01-22,642.0965854439505,0.0,869.6316868905635,642.0965854439505
2021-01-23,677.9894815192451,0.0,906.3201851713188,677.9894815192451
2021-01-24,716.7747022442554,0.0,946.1841877879631,716.7747022442554
2021-01-25,769.5802412103911,0.0,1000.3701218423028,769.5802412103911
2021-01-26,828.8552454122589,0.0,1061.4379320844466,828.8552454122589
2021-01-27,880.5946187021573,0.0,1115.4281782004612,880.5946187021573
2021-01-28,932.1253530107049,0.0,1169.5958848004204,932.1253530107049
2021-01-29,991.091697235919,0.0,1231.5758324978106,991.091697235919
2021-01-30,1045.59782868713,0.0,1289.526621944554,1045.59782868713
2021-01-31,1097.8235416159432,0.0,1345.5822493357477,1097.8235416159432
2021-02-01,1151.4134929871716,0.0,1403.3606553988077,1151.4134929871716
2021-02-02,1214.5523357269772,0.0,1471.0506838170677,1214.5523357269772
2021-02-03,1270.5176623695122,0.0,1532.0022394248672,1270.5176623695122
2021-02-04,1324.7461977630144,0.0,1591.5835582987406,1324.7461977630144
2021-02-05,1375.8638520132706,0.0,1648.398738943316,1375.8638520132706
2021-02-06,1425.712161619235,0.0,1704.2564921707267,1425.712161619235
2021-02-07,1472.8921164534665,0.0,1757.7409854672303,1472.8921164534665
2021-02-08,1516.6543726812215,0.0,1808.0747309745266,1516.6543726812215
2021-02-09,1560.0124993650952,0.0,1858.2374726368573,1560.0124993650952
2021-02-10,1595.45128816918,0.0,1900.7059672469113,1595.45128816918
2021-02-11,1632.11361031124,0.0,1944.5525852712742,1632.11361031124
2021-02-12,1668.5981081452096,0.0,1988.383070315712,1668.5981081452096
2021-02-13,1687.9564902105162,0.0,2015.2444120256002,1687.9564902105162
2021-02-14,1710.592668541842,0.0,2045.3946622506185,1710.592668541842
2021-02-15,1747.127040743506,0.0,2089.4813110991868,1747.127040743506
2021-02-16,1765.3905497495741,0.0,2115.4503549368696,1765.3905497495741
2021-02-17,1769.7862314149288,0.0,2127.549504230112,1769.7862314149288
2021-02-18,1804.8256151531818,0.0,2170.1747645496494,1804.8256151531818
2021-02-19,1827.7898566065073,0.0,2200.8650098684802,1827.7898566065073
2021-02-20,1836.7946569859594,0.0,2217.6325098945485,1836.7946569859594
2021-02-21,1849.4108099063753,0.0,2237.9309949256117,1849.4108099063753
2021-02-22,1874.289255613208,0.0,2270.4431087520197,1874.289255613208
2021-02-23,1879.1006532626911,0.0,2282.9426705456217,1879.1006532626911
2021-02-24,1876.31396614266,0.0,2287.7303271953524,1876.31396614266
2021-02-25,1881.1762902783678,0.0,2299.9921360122403,1881.1762902783678
2021-02-26,1888.7707523867923,0.0,2314.8784661142117,1888.7707523867923
2021-02-27,1889.7965545170177,0.0,2323.1134418292013,1889.7965545170177
2021-02-28,1891.459938629854,0.0,2331.850221808738,1891.459938629854
2021-03-01,1898.7394939577553,0.0,2346.075426708509,1898.7394939577553
2021-03-02,1897.0959845617617,0.0,2351.299179469065,1897.0959845617617
2021-03-03,1894.300740440604,0.0,2355.220020515247,1894.300740440604
2021-03-04,1890.433083526141,0.0,2357.910700519603,1890.433083526141
2021-03-05,1885.045086726508,0.0,2358.917513702221,1885.045086726508
2021-03-06,1880.1665230774415,0.0,2360.260837373089,1880.1665230774415
2021-03-07,1872.4329485630876,0.0,2358.583934666264,1872.4329485630876
2021-03-08,1862.3419782967442,0.0,2354.3639365160448,1862.3419782967442
2021-03-09,1848.9937851206723,0.0,2346.6850884670594,1848.9937851206723
2021-03-10,1831.0373881118503,0.0,2334.1733026000015,1831.0373881118503
2021-03-11,1807.658444195811,0.0,2315.980333266743,1807.658444195811
2021-03-12,1782.2090327929034,0.0,2295.4182498437494,1782.2090327929034
2021-03-13,1756.5111914357692,0.0,2274.2978148072257,1756.5111914357692
2021-03-14,1731.8419638870557,0.0,2253.9002062336376,1731.8419638870557
2021-03-15,1705.7605190762101,0.0,2231.799286629552,1705.7605190762101
2021-03-16,1685.0752310926503,0.0,2214.797489240405,1685.0752310926503
2021-03-17,1665.6214354236208,0.0,2198.781064094593,1665.6214354236208
2021-03-18,1643.1108820946256,0.0,2179.4769509232533,1643.1108820946256
2021-03-19,1625.7219063686966,0.0,2165.0426351840324,1625.7219063686966
2021-03-20,1610.3759622422756,0.0,2152.4472912703613,1610.3759622422756
2021-03-21,1591.1717900755445,0.0,2135.8107700375326,1591.1717900755445
2021-03-22,1570.9971159787297,0.0,2117.9923082997507,1570.9971159787297
2021-03-23,1551.8944567030449,0.0,2101.0305682458975,1551.8944567030449
2021-03-24,1525.201750624105,0.0,2076.276731829673,1525.201750624105
2021-03-25,1496.969199199128,0.0,2049.7217951059906,1496.969199199128
2021-03-26,1466.7187951710594,0.0,2020.880149040097,1466.7187951710594
2021-03-27,1434.7927509434442,0.0,1990.082573049947,1434.7927509434442
2021-03-28,1405.4285761327662,0.0,1961.5582244223199,1405.4285761327662
2021-03-29,1374.9653004317686,0.0,1931.6732603121943,1374.9653004317686
2021-03-30,1343.3174201058926,0.0,1900.3382532755281,1343.3174201058926
2021-03-31,1315.3251890509891,0.0,1872.3888995193677,1315.3251890509891
2021-04-01,1288.4116248956384,0.0,1845.2840856765479,1288.4116248956384
2021-04-02,1260.2111440749882,0.0,1816.6719042438021,1260.2111440749882
2021-04-03,1233.3102346831004,0.0,1789.1325323886601,1233.3102346831004
2021-04-04,1208.7670498239704,0.0,1763.7394926993964,1208.7670498239704
2021-04-05,1182.7980740000457,0.0,1736.733149411576,1182.7980740000457
2021-04-06,1157.432066157474,0.0,1710.1341338416491,1157.432066157474
2021-04-07,1132.315263610077,0.0,1683.5976247116487,1132.315263610077
2021-04-08,1108.377267278544,0.0,1658.0590373230655,1108.377267278544
2021-04-09,1083.9479876699718,0.0,1631.8617268355126,1083.9479876699718
2021-04-10,1060.4046875281265,0.0,1606.3822140738455,1060.4046875281265
2021-04-11,1038.1155799101102,0.0,1581.9994622188408,1038.1155799101102
2021-04-12,1014.9551045531532,0.0,1556.6015143584345,1014.9551045531532
2021-04-13,994.0429674455124,0.0,1533.303694493312,994.0429674455124
2021-04-14,973.7537545313269,0.0,1510.5022918563686,973.7537545313269
2021-04-15,952.7681373036746,0.0,1486.8857016172417,952.7681373036746
2021-04-16,931.962527659648,0.0,1463.326910319052,931.962527659648
2021-04-17,912.3634884904942,0.0,1440.856427506385,912.3634884904942
2021-04-18,892.2734764334612,0.0,1417.7891321494546,892.2734764334612
2021-04-19,873.6464120984825,0.0,1396.0769723040983,873.6464120984825
2021-04-20,855.6741496963275,0.0,1374.9261517888374,855.6741496963275
2021-04-21,837.7164568869173,0.0,1353.7037660471117,837.7164568869173
2021-04-22,822.9012539102707,0.0,1335.5395811323438,822.9012539102707
2021-04-23,807.4611080626773,0.0,1316.6940392034487,807.4611080626773
2021-04-24,792.1954050868507,0.0,1297.9624475446176,792.1954050868507
2021-04-25,779.9458656509439,0.0,1282.1891915631795,779.9458656509439
2021-04-26,768.8486387949446,0.0,1267.5367126963736,768.8486387949446
2021-04-27,755.2243862030125,0.0,1250.335906566269,755.2243862030125
2021-04-28,744.7514235889014,0.0,1236.2444567907116,744.7514235889014
2021-04-29,733.675402070724,0.0,1221.535114739542,733.675402070724
2021-04-30,720.6384202459338,0.0,1204.8452504801817,720.6384202459338
2021-05-01,707.3177441110132,0.0,1187.8361802981901,707.3177441110132
2021-05-02,693.9664172828893,0.0,1170.7592946259133,693.9664172828893
2021-05-03,679.4669754708069,0.0,1152.497617781214,679.4669754708069
2021-05-04,665.7319713090259,0.0,1134.95486902271,665.7319713090259
2021-05-05,650.9680639435443,0.0,1116.3449889016133,650.9680639435443
2021-05-06,637.6744259835057,0.0,1099.159341153034,637.6744259835057
2021-05-07,625.6777040471604,0.0,1083.2377462915385,625.6777040471604
2021-05-08,612.0577931941715,0.0,1065.6715649230862,612.0577931941715
2021-05-09,599.7773825505205,0.0,1049.4103879744036,599.7773825505205
2021-05-10,589.0784931149623,0.0,1034.7080895441081,589.0784931149623
2021-05-11,576.8546171707778,0.0,1018.4717945605481,576.8546171707778
2021-05-12,565.8673261666115,0.0,1003.4505466305741,565.8673261666115
2021-05-13,555.7915590695126,0.0,989.3300207794836,555.7915590695126
2021-05-14,545.2198046721713,0.0,974.7105180827496,545.2198046721713
2021-05-15,535.4494590920567,0.0,960.8853612803803,535.4494590920567
2021-05-16,526.2227998941476,0.0,947.6036477423265,526.2227998941476
2021-05-17,516.7977452101647,0.0,934.1278311873276,516.7977452101647
2021-05-18,508.43658683647647,0.0,921.7184641817469,508.43658683647647
2021-05-19,500.559160000422,0.0,909.8041966402237,500.559160000422
