date,daily_incidence,daily_deaths,daily_recoveries
2020-03-12,2,0,0
2020-03-13,0,0,0
2020-03-14,1,0,0
2020-03-15,0,0,0
2020-03-16,0,0,0
2020-03-17,0,0,0
2020-03-18,0,0,0
2020-03-19,0,0,0
2020-03-20,0,0,0
2020-03-21,0,0,0
2020-03-22,0,0,0
2020-03-23,0,0,0
2020-03-24,0,0,0
2020-03-25,0,0,0
2020-03-26,0,0,0
2020-03-27,0,0,0
2020-03-28,0,0,0
2020-03-29,149,0,0
2020-03-30,0,0,0
2020-03-31,0,0,0
2020-04-01,43,0,0
2020-04-02,18,0,0
2020-04-03,0,0,0
2020-04-04,0,0,0
2020-04-05,0,0,0
2020-04-06,76,0,0
2020-04-07,24,0,0
2020-04-08,0,0,0
2020-04-09,0,0,0
2020-04-10,0,0,0
2020-04-11,0,0,0
2020-04-12,253,0,0
2020-04-13,0,0,0
2020-04-14,70,0,0
2020-04-15,0,0,0
2020-04-16,5,0,0
2020-04-17,0,0,0
2020-04-18,0,0,0
2020-04-19,0,0,0
2020-04-20,0,0,0
2020-04-21,0,0,0
2020-04-22,638,0,0
2020-04-23,0,0,0
2020-04-24,0,0,0
2020-04-25,271,0,0
2020-04-26,0,0,0
2020-04-27,120,0,0
2020-04-28,404,0,0
2020-04-29,0,0,0
2020-04-30,0,0,0
2020-05-01,95,0,0
2020-05-02,550,0,0
2020-05-03,0,0,0
2020-05-04,0,0,0
2020-05-05,0,0,0
2020-05-06,371,0,0
2020-05-07,0,0,0
2020-05-08,922,0,0
2020-05-09,251,0,0
2020-05-10,437,0,0
2020-05-11,427,0,0
2020-05-12,0,0,0
2020-05-13,0,0,0
2020-05-14,403,0,0
2020-05-15,108,0,0
2020-05-16,97,0,0
2020-05-17,0,0,0
2020-05-18,183,0,0
2020-05-19,178,0,0
2020-05-20,173,0,0
2020-05-21,217,0,0
2020-05-22,131,0,0
2020-05-23,66,0,0
2020-05-24,0,0,0
2020-05-25,281,0,0
2020-05-26,153,0,0
2020-05-27,186,0,0
2020-05-28,313,0,0
2020-05-29,152,0,0
2020-05-30,108,0,0
2020-05-31,194,0,0
2020-06-01,227,0,0
2020-06-02,251,0,0
2020-06-03,337,0,0
2020-06-04,283,0,0
2020-06-05,294,0,0
2020-06-06,176,0,0
2020-06-07,272,0,0
2020-06-08,0,0,0
2020-06-09,291,0,0
2020-06-10,157,0,0
2020-06-11,498,0,0
2020-06-12,262,0,0
2020-06-13,304,0,0
2020-06-14,542,0,0
2020-06-15,0,0,0
2020-06-16,229,0,0
2020-06-17,397,0,0
2020-06-18,339,0,10074
2020-06-19,274,0,399
2020-06-20,514,0,0
2020-06-21,437,0,434
2020-06-22,414,0,171
2020-06-23,445,0,353
2020-06-24,460,0,323
2020-06-25,359,0,503
2020-06-26,599,0,466
2020-06-27,311,0,274
2020-06-28,609,0,0
2020-06-29,390,0,556
2020-06-30,393,0,0
2020-07-01,0,0,780
2020-07-02,1951,0,540
2020-07-03,992,0,1200
2020-07-04,891,0,1086
2020-07-05,854,0,408
2020-07-06,641,0,1058
2020-07-07,0,0,590
2020-07-08,785,0,619
2020-07-09,270,0,356
2020-07-10,0,0,880
2020-07-11,734,0,330
2020-07-12,0,0,114
2020-07-13,873,0,759
2020-07-14,0,0,645
2020-07-15,935,0,129
2020-07-16,607,0,205
2020-07-17,763,0,1652
2020-07-18,559,0,430
2020-07-19,0,0,759
2020-07-20,1377,0,1711
2020-07-21,0,0,0
2020-07-22,1485,0,637
2020-07-23,590,0,0
2020-07-24,532,0,489
2020-07-25,655,0,874
2020-07-26,782,0,820
2020-07-27,736,0,699
2020-07-28,359,0,810
2020-07-29,0,0,729
2020-07-30,1513,0,550
2020-07-31,798,0,948
2020-08-01,0,0,469
2020-08-02,1263,0,781
2020-08-03,567,0,821
2020-08-04,0,0,254
2020-08-05,891,0,1064
2020-08-06,0,0,628
2020-08-07,679,0,397
2020-08-08,192,0,328
2020-08-09,168,0,265
2020-08-10,0,0,175
2020-08-11,275,0,223
2020-08-12,0,0,275
2020-08-13,363,0,154
2020-08-14,0,0,215
2020-08-15,443,0,205
2020-08-16,340,0,229
2020-08-17,0,0,167
2020-08-18,267,0,313
2020-08-19,65,0,132
2020-08-20,180,0,124
2020-08-21,117,0,163
2020-08-22,0,0,148
2020-08-23,0,0,205
2020-08-24,219,0,198
2020-08-25,0,0,146
2020-08-26,0,0,0
2020-08-27,455,0,385
2020-08-28,0,0,186
2020-08-29,0,0,158
2020-08-30,0,0,232
2020-08-31,0,0,125
2020-09-01,417,0,99
2020-09-02,64,0,116
2020-09-03,92,0,108
2020-09-04,143,0,97
2020-09-05,176,0,144
2020-09-06,125,0,146
2020-09-07,75,0,79
2020-09-08,46,0,75
2020-09-09,0,0,129
2020-09-10,0,0,170
2020-09-11,167,0,38
2020-09-12,54,0,118
2020-09-13,59,0,99
2020-09-14,0,0,77
2020-09-15,0,0,56
2020-09-16,148,0,52
2020-09-17,124,0,72
2020-09-18,51,0,105
2020-09-19,53,0,32
2020-09-20,34,0,9
2020-09-21,0,0,118
2020-09-22,0,0,160
2020-09-23,230,0,41
2020-09-24,0,0,28
2020-09-25,91,0,5
2020-09-26,0,0,106
2020-09-27,169,0,185
2020-09-28,0,0,3
2020-09-29,112,0,19
2020-09-30,0,0,42
2020-10-01,58,0,54
2020-10-02,0,0,0
2020-10-03,121,0,163
2020-10-04,42,0,36
2020-10-05,17,0,51
2020-10-06,23,0,68
2020-10-07,18,0,20
2020-10-08,1,0,8
2020-10-09,63,0,18
2020-10-10,24,0,17
2020-10-11,25,0,21
2020-10-12,22,0,37
2020-10-13,24,0,14
2020-10-14,30,0,37
2020-10-15,73,0,30
2020-10-16,57,0,46
2020-10-17,88,0,88
2020-10-18,0,0,0
2020-10-19,0,0,0
2020-10-20,0,0,0
2020-10-21,222,0,0
2020-10-22,0,0,0
2020-10-23,0,0,0
2020-10-24,0,0,0
2020-10-25,202,0,324
2020-10-26,72,0,60
2020-10-27,64,0,33
2020-10-28,65,0,46
2020-10-29,72,0,45
2020-10-30,0,0,0
2020-10-31,303,0,112
2020-11-01,125,0,74
2020-11-02,135,0,75
2020-11-03,116,0,90
2020-11-04,100,0,55
2020-11-05,187,0,60
2020-11-06,99,0,52
2020-11-07,270,0,102
2020-11-08,228,0,74
2020-11-09,149,0,77
2020-11-10,55,0,83
2020-11-11,101,0,149
2020-11-12,0,0,0
2020-11-13,0,0,0
2020-11-14,0,0,0
2020-11-15,0,0,0
2020-11-16,0,0,0
2020-11-17,559,0,953
2020-11-18,156,0,124
2020-11-19,61,0,194
2020-11-20,144,0,232
2020-11-21,85,0,198
2020-11-22,41,0,57
2020-11-23,37,0,78
2020-11-24,99,0,93
2020-11-25,97,0,60
2020-11-26,93,0,92
2020-11-27,98,0,97
2020-11-28,91,0,133
2020-11-29,98,0,97
2020-11-30,193,0,147
2020-12-01,95,0,95
2020-12-02,69,0,44
2020-12-03,85,0,91
2020-12-04,115,0,165
2020-12-05,114,0,105
2020-12-06,104,0,94
2020-12-07,98,0,102
2020-12-08,84,0,56
2020-12-09,74,0,25
2020-12-10,133,0,49
2020-12-11,103,0,77
2020-12-12,103,0,78
2020-12-13,95,0,113
2020-12-14,50,0,105
2020-12-15,85,0,65
2020-12-16,61,0,114
2020-12-17,101,0,92
2020-12-18,80,0,138
2020-12-19,79,0,102
2020-12-20,68,0,75
2020-12-21,77,0,56
2020-12-22,54,0,91
2020-12-23,93,0,92
2020-12-24,80,0,121
2020-12-25,0,0,0
2020-12-26,157,0,161
2020-12-27,74,0,132
2020-12-28,70,0,85
2020-12-29,70,0,79
2020-12-30,114,0,70
2020-12-31,93,0,100
2021-01-01,0,0,0
2021-01-02,0,0,0
2021-01-03,254,0,236
2021-01-04,128,0,88
2021-01-05,140,0,76
2021-01-06,235,0,105
2021-01-07,164,0,88
2021-01-08,170,0,122
2021-01-09,178,0,162
2021-01-10,171,0,131
2021-01-11,160,0,190
2021-01-12,0,0,0
2021-01-13,411,0,173
2021-01-14,284,0,183
2021-01-15,326,0,197
2021-01-16,346,0,110
2021-01-17,377,0,387
2021-01-18,644,0,320
2021-01-19,0,0,0
2021-01-20,626,0,249
2021-01-21,1346,0,642
2021-01-22,643,0,553
2021-01-23,602,0,411
2021-01-24,0,0,0
2021-01-25,1119,0,992
2021-01-26,740,0,230
2021-01-27,788,0,367
2021-01-28,784,0,469
2021-01-29,786,0,364
2021-01-30,768,0,595
2021-01-31,771,0,488
2021-02-01,694,0,384
2021-02-02,791,0,768
2021-02-03,716,0,449
2021-02-04,759,0,694
2021-02-05,791,0,488
2021-02-06,670,0,434
2021-02-07,549,0,518
2021-02-08,788,0,212
2021-02-09,0,0,0
2021-02-10,1482,0,733
2021-02-11,653,0,985
2021-02-12,0,0,0
2021-02-13,0,0,0
2021-02-14,1768,0,1664
2021-02-15,413,0,566
2021-02-16,475,0,659
2021-02-17,485,0,1484
2021-02-18,592,0,502
2021-02-19,501,0,332
2021-02-20,0,0,0
2021-02-21,907,0,1291
2021-02-22,456,0,918
2021-02-23,451,0,957
2021-02-24,618,0,556
2021-02-25,400,0,563
2021-02-26,408,0,269
2021-02-27,316,0,469
2021-02-28,409,0,474
2021-03-01,486,0,535
2021-03-02,501,0,701
2021-03-03,345,0,437
2021-03-04,373,0,327
2021-03-05,271,0,347
2021-03-06,233,0,403
2021-03-07,100,0,433
2021-03-08,171,0,351
2021-03-09,230,0,298
2021-03-10,279,0,360
2021-03-11,217,0,450
2021-03-12,239,0,208
2021-03-13,190,0,260
2021-03-14,0,0,0
2021-03-15,580,0,832
2021-03-16,264,0,267
2021-03-17,220,0,231
2021-03-18,178,0,302
2021-03-19,102,0,196
2021-03-20,103,0,282
2021-03-21,104,0,367
2021-03-22,89,0,125
2021-03-23,71,0,269
2021-03-24,114,0,108
2021-03-25,0,0,0
2021-03-26,0,0,0
2021-03-27,256,0,819
2021-03-28,28,0,97
2021-03-29,63,0,92
2021-03-30,25,0,266
2021-03-31,105,0,154
2021-04-01,113,0,87
2021-04-02,38,0,64
2021-04-03,53,0,58
2021-04-04,32,0,77
2021-04-05,60,0,53
2021-04-06,66,0,61
2021-04-07,77,0,44
2021-04-08,0,0,0
2021-04-09,134,0,115
2021-04-10,60,0,76
2021-04-11,0,0,0
2021-04-12,59,0,88
2021-04-13,0,0,0
2021-04-14,113,0,120
2021-04-15,37,0,60
2021-04-16,69,0,52
2021-04-17,0,0,0
2021-04-18,136,0,58
2021-04-19,0,0,0
2021-04-20,91,0,103
2021-04-21,84,0,76
2021-04-22,71,0,55
2021-04-23,0,0,0
2021-04-24,98,0,104
2021-04-25,46,0,43
2021-04-26,43,0,43
2021-04-27,39,0,46
2021-04-28,0,0,0
2021-04-29,78,0,68
2021-04-30,55,0,50
2021-05-01,0,0,0
2021-05-02,78,0,81
2021-05-03,25,0,15
2021-05-04,0,0,0
2021-05-05,92,0,78
2021-05-06,59,0,127
2021-05-07,0,0,0
2021-05-08,67,0,81
2021-05-09,37,0,127
2021-05-10,23,0,22
2021-05-11,79,0,74
2021-05-12,0,0,0
2021-05-13,82,0,76
2021-05-14,26,0,37
2021-05-15,62,0,42
2021-05-16,0,0,0
2021-05-17,64,0,94
2021-05-18,62,0,33
2021-05-19,37,0,61
