date,new_infections,new_hospitalisations,daily_incidence_corrected,I_proxy,H_proxy
2020-01-29,2,0,12.0,12.0,0.0
2020-01-30,0,0,0.0,12.0,0.0
2020-01-31,0,0,0.0,12.0,0.0
2020-02-01,0,0,0.0,12.0,0.0
2020-02-02,0,0,0.0,12.0,0.0
2020-02-03,0,0,0.0,0.0,0.0
2020-02-04,0,0,0.0,0.0,0.0
2020-02-05,0,0,0.0,0.0,0.0
2020-02-06,1,0,6.0,6.0,0.0
2020-02-07,0,0,0.0,6.0,0.0
2020-02-08,0,0,0.0,6.0,0.0
2020-02-09,0,0,0.0,6.0,0.0
2020-02-10,0,0,0.0,6.0,0.0
2020-02-11,0,0,0.0,0.0,0.0
2020-02-12,0,0,0.0,0.0,0.0
2020-02-13,0,0,0.0,0.0,0.0
2020-02-14,0,0,0.0,0.0,0.0
2020-02-15,0,0,0.0,0.0,0.0
2020-02-16,0,0,0.0,0.0,0.0
2020-02-17,0,0,0.0,0.0,0.0
2020-02-18,0,0,0.0,0.0,0.0
2020-02-19,0,0,0.0,0.0,0.0
2020-02-20,4,91,24.0,24.0,91.0
2020-02-21,36,123,216.0,240.0,214.0
2020-02-22,57,108,342.0,582.0,322.0
2020-02-23,77,151,462.0,1044.0,473.0
2020-02-24,85,191,510.0,1554.0,664.0
2020-02-25,192,267,1152.0,2682.0,840.0
2020-02-26,277,273,1662.0,4128.0,990.0
2020-02-27,287,316,1722.0,5508.0,1198.0
2020-02-28,353,380,2118.0,7164.0,1427.0
2020-02-29,373,374,2238.0,8892.0,1610.0
2020-03-01,410,441,2460.0,10200.0,1784.0
2020-03-02,630,669,3780.0,12318.0,2180.0
2020-03-03,802,816,4812.0,15408.0,2680.0
2020-03-04,1075,914,6450.0,19740.0,3214.0
2020-03-05,1302,1097,7812.0,25314.0,3937.0
2020-03-06,1530,1224,9180.0,32034.0,4720.0
2020-03-07,1486,1203,8916.0,37170.0,5254.0
2020-03-08,1450,1159,8700.0,41058.0,5597.0
2020-03-09,2237,1459,13422.0,48030.0,6142.0
2020-03-10,2448,1585,14688.0,54906.0,6630.0
2020-03-11,2777,1759,16662.0,62388.0,7165.0
2020-03-12,3143,1907,18858.0,72330.0,7869.0
2020-03-13,4102,2339,24612.0,88242.0,9049.0
2020-03-14,3532,1998,21192.0,96012.0,9588.0
2020-03-15,2848,1910,17088.0,98412.0,9913.0
2020-03-16,4817,2494,28902.0,110652.0,10648.0
2020-03-17,5346,2668,32076.0,123870.0,11409.0
2020-03-18,5689,2712,34134.0,133392.0,11782.0
2020-03-19,5681,2790,34086.0,146286.0,12574.0
2020-03-20,6258,2863,37548.0,166746.0,13527.0
2020-03-21,4916,2549,29496.0,167340.0,13582.0
2020-03-22,3925,2199,23550.0,158814.0,13113.0
2020-03-23,6098,2719,36588.0,161268.0,13120.0
2020-03-24,5916,2628,35496.0,162678.0,12958.0
2020-03-25,5805,2323,34830.0,159960.0,12418.0
2020-03-26,5696,2131,34176.0,164640.0,12000.0
2020-03-27,5787,2249,34722.0,175812.0,12050.0
2020-03-28,4529,1754,27174.0,166398.0,11085.0
2020-03-29,3011,1443,18066.0,148968.0,9900.0
2020-03-30,5084,1692,30504.0,144642.0,9269.0
2020-03-31,5355,1601,32130.0,142596.0,8739.0
2020-04-01,5025,1524,30150.0,138024.0,8014.0
2020-04-02,4778,1476,28668.0,139518.0,7736.0
2020-04-03,4447,1281,26682.0,148134.0,7574.0
2020-04-04,3665,1038,21990.0,139620.0,6920.0
2020-04-05,2600,846,15600.0,123090.0,6165.0
2020-04-06,4088,1040,24528.0,117468.0,5681.0
2020-04-07,4140,1052,24840.0,113640.0,5257.0
2020-04-08,4792,1065,28752.0,115710.0,5041.0
2020-04-09,4684,1021,28104.0,121824.0,5024.0
2020-04-10,5131,951,30786.0,137010.0,5129.0
2020-04-11,3430,829,20580.0,133062.0,4918.0
2020-04-12,1918,672,11508.0,119730.0,4538.0
2020-04-13,2270,632,13620.0,104598.0,4105.0
2020-04-14,3277,881,19662.0,96156.0,3965.0
2020-04-15,3947,734,23682.0,89052.0,3748.0
2020-04-16,3703,735,22218.0,90690.0,3654.0
2020-04-17,3497,741,20982.0,100164.0,3723.0
2020-04-18,2639,582,15834.0,102378.0,3673.0
2020-04-19,1387,478,8322.0,91038.0,3270.0
2020-04-20,3008,674,18048.0,85404.0,3210.0
2020-04-21,3079,626,18474.0,81660.0,3101.0
2020-04-22,2603,629,15618.0,76296.0,2989.0
2020-04-23,2810,611,16860.0,77322.0,3018.0
2020-04-24,2738,570,16428.0,85428.0,3110.0
2020-04-25,1665,434,9990.0,77370.0,2870.0
2020-04-26,1017,367,6102.0,64998.0,2611.0
2020-04-27,1977,463,11862.0,61242.0,2445.0
2020-04-28,2240,454,13440.0,57822.0,2288.0
2020-04-29,2328,423,13968.0,55362.0,2141.0
2020-04-30,2268,383,13608.0,58980.0,2090.0
2020-05-01,1084,290,6504.0,59382.0,2013.0
2020-05-02,1021,250,6126.0,53646.0,1800.0
2020-05-03,505,189,3030.0,43236.0,1535.0
2020-05-04,1454,315,8724.0,37992.0,1427.0
2020-05-05,1537,303,9222.0,33606.0,1347.0
2020-05-06,1440,305,8640.0,35742.0,1362.0
2020-05-07,1389,307,8334.0,37950.0,1419.0
2020-05-08,1381,303,8286.0,43206.0,1533.0
2020-05-09,731,186,4386.0,38868.0,1404.0
2020-05-10,336,178,2016.0,31662.0,1279.0
2020-05-11,874,265,5244.0,28266.0,1239.0
2020-05-12,915,196,5490.0,25422.0,1128.0
2020-05-13,890,215,5340.0,22476.0,1040.0
2020-05-14,900,216,5400.0,23490.0,1070.0
2020-05-15,791,227,4746.0,26220.0,1119.0
2020-05-16,607,142,3642.0,24618.0,996.0
2020-05-17,299,130,1794.0,20922.0,930.0
2020-05-18,655,183,3930.0,19512.0,898.0
2020-05-19,720,167,4320.0,18432.0,849.0
2020-05-20,676,156,4056.0,17742.0,778.0
2020-05-21,621,135,3726.0,17826.0,771.0
2020-05-22,685,145,4110.0,20142.0,786.0
2020-05-23,356,101,2136.0,18348.0,704.0
2020-05-24,147,104,882.0,14910.0,641.0
2020-05-25,513,171,3078.0,13932.0,656.0
2020-05-26,540,130,3240.0,13446.0,651.0
2020-05-27,523,126,3138.0,12474.0,632.0
2020-05-28,516,87,3096.0,13434.0,618.0
2020-05-29,386,126,2316.0,14868.0,640.0
2020-05-30,285,92,1710.0,13500.0,561.0
2020-05-31,89,63,534.0,10794.0,494.0
2020-06-01,377,142,2262.0,9918.0,510.0
2020-06-02,87,72,522.0,7344.0,495.0
2020-06-03,358,114,2148.0,7176.0,483.0
2020-06-04,361,97,2166.0,7632.0,488.0
2020-06-05,385,106,2310.0,9408.0,531.0
2020-06-06,203,56,1218.0,8364.0,445.0
2020-06-07,84,51,504.0,8346.0,424.0
2020-06-08,300,135,1800.0,7998.0,445.0
2020-06-09,368,86,2208.0,8040.0,434.0
2020-06-10,394,87,2364.0,8094.0,415.0
2020-06-11,449,68,2694.0,9570.0,427.0
2020-06-12,368,96,2208.0,11274.0,472.0
2020-06-13,214,73,1284.0,10758.0,410.0
2020-06-14,68,57,408.0,8958.0,381.0
2020-06-15,276,98,1656.0,8250.0,392.0
2020-06-16,280,67,1680.0,7236.0,391.0
2020-06-17,303,106,1818.0,6846.0,401.0
2020-06-18,233,84,1398.0,6960.0,412.0
2020-06-19,290,103,1740.0,8292.0,458.0
2020-06-20,165,39,990.0,7626.0,399.0
2020-06-21,62,51,372.0,6318.0,383.0
2020-06-22,338,110,2028.0,6528.0,387.0
2020-06-23,289,79,1734.0,6864.0,382.0
2020-06-24,208,102,1248.0,6372.0,381.0
2020-06-25,203,76,1218.0,6600.0,418.0
2020-06-26,186,97,1116.0,7344.0,464.0
2020-06-27,124,47,744.0,6060.0,401.0
2020-06-28,66,38,396.0,4722.0,360.0
2020-06-29,231,109,1386.0,4860.0,367.0
2020-06-30,203,79,1218.0,4860.0,370.0
2020-07-01,237,70,1422.0,5166.0,343.0
2020-07-02,249,80,1494.0,5916.0,376.0
2020-07-03,244,97,1464.0,6984.0,435.0
2020-07-04,224,40,1344.0,6942.0,366.0
2020-07-05,76,51,456.0,6180.0,338.0
2020-07-06,237,90,1422.0,6180.0,358.0
2020-07-07,226,71,1356.0,6042.0,349.0
2020-07-08,289,79,1734.0,6312.0,331.0
2020-07-09,220,71,1320.0,6288.0,362.0
2020-07-10,254,79,1524.0,7356.0,390.0
2020-07-11,163,57,978.0,6912.0,357.0
2020-07-12,64,45,384.0,5940.0,331.0
2020-07-13,191,93,1146.0,5352.0,345.0
2020-07-14,242,75,1452.0,5484.0,349.0
2020-07-15,240,76,1440.0,5400.0,346.0
2020-07-16,265,61,1590.0,6012.0,350.0
2020-07-17,283,102,1698.0,7326.0,407.0
2020-07-18,172,56,1032.0,7212.0,370.0
2020-07-19,111,40,666.0,6426.0,335.0
2020-07-20,319,99,1914.0,6900.0,358.0
2020-07-21,278,87,1668.0,6978.0,384.0
2020-07-22,289,79,1734.0,7014.0,361.0
2020-07-23,270,72,1620.0,7602.0,377.0
2020-07-24,312,74,1872.0,8808.0,411.0
2020-07-25,195,67,1170.0,8064.0,379.0
2020-07-26,91,49,546.0,6942.0,341.0
2020-07-27,326,82,1956.0,7164.0,344.0
2020-07-28,317,72,1902.0,7446.0,344.0
2020-07-29,468,81,2808.0,8382.0,351.0
2020-07-30,378,67,2268.0,9480.0,351.0
2020-07-31,314,89,1884.0,10818.0,391.0
2020-08-01,190,70,1140.0,10002.0,379.0
2020-08-02,107,57,642.0,8742.0,364.0
2020-08-03,418,112,2508.0,8442.0,395.0
2020-08-04,388,66,2328.0,8502.0,394.0
2020-08-05,507,96,3042.0,9660.0,401.0
2020-08-06,395,73,2370.0,10890.0,404.0
2020-08-07,487,83,2922.0,13170.0,430.0
2020-08-08,332,60,1992.0,12654.0,378.0
2020-08-09,184,66,1104.0,11430.0,378.0
2020-08-10,486,111,2916.0,11304.0,393.0
2020-08-11,522,63,3132.0,12066.0,383.0
2020-08-12,623,111,3738.0,12882.0,411.0
2020-08-13,532,89,3192.0,14082.0,440.0
2020-08-14,599,86,3594.0,16572.0,460.0
2020-08-15,294,67,1764.0,15420.0,416.0
2020-08-16,256,69,1536.0,13824.0,422.0
2020-08-17,690,109,4140.0,14226.0,420.0
2020-08-18,872,122,5232.0,16266.0,453.0
2020-08-19,1000,148,6000.0,18672.0,515.0
2020-08-20,1092,92,6552.0,23460.0,540.0
2020-08-21,1295,100,7770.0,29694.0,571.0
2020-08-22,957,124,5742.0,31296.0,586.0
2020-08-23,636,96,3816.0,29880.0,560.0
2020-08-24,1563,136,9378.0,33258.0,548.0
2020-08-25,1526,155,9156.0,35862.0,611.0
2020-08-26,1487,154,8922.0,37014.0,665.0
2020-08-27,1463,152,8778.0,40050.0,693.0
2020-08-28,1382,152,8292.0,44526.0,749.0
2020-08-29,1021,115,6126.0,41274.0,728.0
2020-08-30,515,117,3090.0,35208.0,690.0
2020-08-31,1346,146,8076.0,34362.0,682.0
2020-09-01,1356,162,0.0,25584.0,692.0
2020-09-02,1527,189,0.0,17292.0,729.0
2020-09-03,1528,189,0.0,11166.0,803.0
2020-09-04,1595,181,0.0,8076.0,867.0
2020-09-05,1098,150,0.0,0.0,871.0
2020-09-06,516,127,0.0,0.0,836.0
2020-09-07,1508,223,0.0,0.0,870.0
2020-09-08,1539,181,0.0,0.0,862.0
2020-09-09,1566,198,0.0,0.0,879.0
2020-09-10,1597,221,0.0,0.0,950.0
2020-09-11,1571,213,0.0,0.0,1036.0
2020-09-12,1169,186,0.0,0.0,999.0
2020-09-13,542,175,0.0,0.0,993.0
2020-09-14,1566,234,0.0,0.0,1029.0
2020-09-15,1740,251,0.0,0.0,1059.0
2020-09-16,1517,240,0.0,0.0,1086.0
2020-09-17,1678,250,0.0,0.0,1150.0
2020-09-18,1817,246,0.0,0.0,1221.0
2020-09-19,1272,188,0.0,0.0,1175.0
2020-09-20,599,169,0.0,0.0,1093.0
2020-09-21,1903,273,0.0,0.0,1126.0
2020-09-22,1867,267,0.0,0.0,1143.0
2020-09-23,1967,269,0.0,0.0,1166.0
2020-09-24,1899,257,0.0,0.0,1235.0
2020-09-25,2015,287,0.0,0.0,1353.0
2020-09-26,1396,220,0.0,0.0,1300.0
2020-09-27,818,197,0.0,0.0,1230.0
2020-09-28,2145,292,0.0,0.0,1253.0
2020-09-29,2232,292,0.0,0.0,1288.0
2020-09-30,2498,271,0.0,0.0,1272.0
2020-10-01,2889,352,0.0,0.0,1404.0
2020-10-02,3159,369,0.0,0.0,1576.0
2020-10-03,2421,361,0.0,0.0,1645.0
2020-10-04,1651,329,0.0,0.0,1682.0
2020-10-05,4403,453,0.0,0.0,1864.0
2020-10-06,4718,505,0.0,0.0,2017.0
2020-10-07,5280,493,0.0,0.0,2141.0
2020-10-08,5954,538,0.0,0.0,2318.0
2020-10-09,6722,572,0.0,0.0,2561.0
2020-10-10,5820,580,0.0,0.0,2688.0
2020-10-11,3188,594,0.0,0.0,2777.0
2020-10-12,9221,768,0.0,0.0,3052.0
2020-10-13,10103,825,0.0,0.0,3339.0
2020-10-14,11071,851,0.0,0.0,3618.0
2020-10-15,11754,956,0.0,0.0,3994.0
2020-10-16,13348,981,0.0,0.0,4381.0
2020-10-17,11431,1115,0.0,0.0,4728.0
2020-10-18,6087,1039,0.0,0.0,4942.0
2020-10-19,17280,1317,0.0,0.0,5408.0
2020-10-20,19222,1427,0.0,0.0,5879.0
2020-10-21,22300,1433,0.0,0.0,6331.0
2020-10-22,23779,1535,0.0,0.0,6751.0
2020-10-23,25761,1741,0.0,0.0,7453.0
2020-10-24,19688,1582,0.0,0.0,7718.0
2020-10-25,10708,1658,0.0,0.0,7949.0
2020-10-26,28129,2006,0.0,0.0,8522.0
2020-10-27,31063,1973,0.0,0.0,8960.0
2020-10-28,33545,2024,0.0,0.0,9243.0
2020-10-29,32701,2117,0.0,0.0,9778.0
2020-10-30,34974,2305,0.0,0.0,10425.0
2020-10-31,25111,2070,0.0,0.0,10489.0
2020-11-01,13137,1931,0.0,0.0,10447.0
2020-11-02,34769,2444,0.0,0.0,10867.0
2020-11-03,37480,2493,0.0,0.0,11243.0
2020-11-04,41046,2628,0.0,0.0,11566.0
2020-11-05,39619,2636,0.0,0.0,12132.0
2020-11-06,41444,2581,0.0,0.0,12782.0
2020-11-07,29588,2438,0.0,0.0,12776.0
2020-11-08,15157,2190,0.0,0.0,12473.0
2020-11-09,37861,2518,0.0,0.0,12363.0
2020-11-10,39957,2547,0.0,0.0,12274.0
2020-11-11,38818,2643,0.0,0.0,12336.0
2020-11-12,38179,2539,0.0,0.0,12437.0
2020-11-13,39048,2563,0.0,0.0,12810.0
2020-11-14,28101,2333,0.0,0.0,12625.0
2020-11-15,13933,2026,0.0,0.0,12104.0
2020-11-16,36303,2501,0.0,0.0,11962.0
2020-11-17,37949,2474,0.0,0.0,11897.0
2020-11-18,36340,2324,0.0,0.0,11658.0
2020-11-19,34970,2317,0.0,0.0,11642.0
2020-11-20,32342,2221,0.0,0.0,11837.0
2020-11-21,22424,1829,0.0,0.0,11165.0
2020-11-22,10502,1611,0.0,0.0,10302.0
2020-11-23,28083,2028,0.0,0.0,10006.0
2020-11-24,28431,1961,0.0,0.0,9650.0
2020-11-25,27059,1861,0.0,0.0,9290.0
2020-11-26,26267,1785,0.0,0.0,9246.0
2020-11-27,24107,1786,0.0,0.0,9421.0
2020-11-28,17897,1611,0.0,0.0,9004.0
2020-11-29,7965,1379,0.0,0.0,8422.0
2020-11-30,22301,1605,0.0,0.0,8166.0
2020-12-01,22913,1621,0.0,0.0,8002.0
2020-12-02,21213,1628,0.0,0.0,7844.0
2020-12-03,19876,1584,0.0,0.0,7817.0
2020-12-04,20222,1550,0.0,0.0,7988.0
2020-12-05,15148,1439,0.0,0.0,7822.0
2020-12-06,6212,1269,0.0,0.0,7470.0
2020-12-07,19311,1422,0.0,0.0,7264.0
2020-12-08,7465,1306,0.0,0.0,6986.0
2020-12-09,19980,1437,0.0,0.0,6873.0
2020-12-10,20408,1401,0.0,0.0,6835.0
2020-12-11,19569,1446,0.0,0.0,7012.0
2020-12-12,14107,1272,0.0,0.0,6862.0
2020-12-13,5637,1046,0.0,0.0,6602.0
2020-12-14,18046,1360,0.0,0.0,6525.0
2020-12-15,18402,1278,0.0,0.0,6402.0
2020-12-16,16794,1258,0.0,0.0,6214.0
2020-12-17,16420,1296,0.0,0.0,6238.0
2020-12-18,16849,1272,0.0,0.0,6464.0
2020-12-19,12857,1211,0.0,0.0,6315.0
2020-12-20,6388,1049,0.0,0.0,6086.0
2020-12-21,17165,1257,0.0,0.0,6085.0
2020-12-22,19445,1293,0.0,0.0,6082.0
2020-12-23,18956,1243,0.0,0.0,6053.0
2020-12-24,15764,1263,0.0,0.0,6105.0
2020-12-25,4476,995,0.0,0.0,6051.0
2020-12-26,7920,1153,0.0,0.0,5947.0
2020-12-27,7670,1205,0.0,0.0,5859.0
2020-12-28,19085,1364,0.0,0.0,5980.0
2020-12-29,23894,1410,0.0,0.0,6127.0
2020-12-30,23661,1345,0.0,0.0,6477.0
2020-12-31,18919,1373,0.0,0.0,6697.0
2021-01-01,5788,1153,0.0,0.0,6645.0
2021-01-02,16141,1416,0.0,0.0,6697.0
2021-01-03,8324,1217,0.0,0.0,6504.0
2021-01-04,22797,1437,0.0,0.0,6596.0
2021-01-05,24569,1465,0.0,0.0,6688.0
2021-01-06,8972,1223,0.0,0.0,6758.0
2021-01-07,21327,1411,0.0,0.0,6753.0
2021-01-08,20884,1473,0.0,0.0,7009.0
2021-01-09,15434,1281,0.0,0.0,6853.0
2021-01-10,6868,1155,0.0,0.0,6543.0
2021-01-11,16892,1348,0.0,0.0,6668.0
2021-01-12,16335,1311,0.0,0.0,6568.0
2021-01-13,15320,1284,0.0,0.0,6379.0
2021-01-14,14512,1291,0.0,0.0,6389.0
2021-01-15,14213,1253,0.0,0.0,6487.0
2021-01-16,10809,1198,0.0,0.0,6337.0
2021-01-17,4893,930,0.0,0.0,5956.0
2021-01-18,14424,1165,0.0,0.0,5837.0
2021-01-19,14434,1079,0.0,0.0,5625.0
2021-01-20,13592,1081,0.0,0.0,5453.0
2021-01-21,12757,1142,0.0,0.0,5397.0
2021-01-22,13539,1067,0.0,0.0,5534.0
2021-01-23,10418,1000,0.0,0.0,5369.0
2021-01-24,4791,863,0.0,0.0,5153.0
2021-01-25,14214,1174,0.0,0.0,5246.0
2021-01-26,14497,976,0.0,0.0,5080.0
2021-01-27,13210,928,0.0,0.0,4941.0
2021-01-28,12148,983,0.0,0.0,4924.0
2021-01-29,12852,1028,0.0,0.0,5089.0
2021-01-30,10178,906,0.0,0.0,4821.0
2021-01-31,4759,829,0.0,0.0,4674.0
2021-02-01,13357,1064,0.0,0.0,4810.0
2021-02-02,13831,986,0.0,0.0,4813.0
2021-02-03,13220,983,0.0,0.0,4768.0
2021-02-04,13168,979,0.0,0.0,4841.0
2021-02-05,13513,978,0.0,0.0,4990.0
2021-02-06,10637,896,0.0,0.0,4822.0
2021-02-07,4715,849,0.0,0.0,4685.0
2021-02-08,13754,1023,0.0,0.0,4725.0
2021-02-09,14456,963,0.0,0.0,4709.0
2021-02-10,13726,1008,0.0,0.0,4739.0
2021-02-11,13311,985,0.0,0.0,4828.0
2021-02-12,13034,941,0.0,0.0,4920.0
2021-02-13,9751,849,0.0,0.0,4746.0
2021-02-14,4335,741,0.0,0.0,4524.0
2021-02-15,12895,975,0.0,0.0,4491.0
2021-02-16,14043,950,0.0,0.0,4456.0
2021-02-17,13933,1026,0.0,0.0,4541.0
2021-02-18,14517,1052,0.0,0.0,4744.0
2021-02-19,15347,1040,0.0,0.0,5043.0
2021-02-20,12559,996,0.0,0.0,5064.0
2021-02-21,5701,931,0.0,0.0,5045.0
2021-02-22,17807,1291,0.0,0.0,5310.0
2021-02-23,19720,1281,0.0,0.0,5539.0
2021-02-24,19777,1204,0.0,0.0,5703.0
2021-02-25,19366,1211,0.0,0.0,5918.0
2021-02-26,20805,1351,0.0,0.0,6338.0
2021-02-27,15859,1335,0.0,0.0,6382.0
2021-02-28,6985,1167,0.0,0.0,6268.0
2021-03-01,21880,1455,0.0,0.0,6519.0
2021-03-02,22964,1640,0.0,0.0,6948.0
2021-03-03,23723,1623,0.0,0.0,7220.0
2021-03-04,22628,1581,0.0,0.0,7466.0
2021-03-05,24153,1706,0.0,0.0,8005.0
2021-03-06,18007,1581,0.0,0.0,8131.0
2021-03-07,7924,1380,0.0,0.0,7871.0
2021-03-08,23778,1845,0.0,0.0,8093.0
2021-03-09,25809,1852,0.0,0.0,8364.0
2021-03-10,25571,1861,0.0,0.0,8519.0
2021-03-11,25491,1740,0.0,0.0,8678.0
2021-03-12,25119,1876,0.0,0.0,9174.0
2021-03-13,19865,1849,0.0,0.0,9178.0
2021-03-14,8778,1619,0.0,0.0,8945.0
2021-03-15,24227,2038,0.0,0.0,9122.0
2021-03-16,25667,2062,0.0,0.0,9444.0
2021-03-17,24618,1928,0.0,0.0,9496.0
2021-03-18,23811,1818,0.0,0.0,9465.0
2021-03-19,23337,1882,0.0,0.0,9728.0
2021-03-20,17737,1817,0.0,0.0,9507.0
2021-03-21,8327,1646,0.0,0.0,9091.0
2021-03-22,23152,1924,0.0,0.0,9087.0
2021-03-23,24306,1851,0.0,0.0,9120.0
2021-03-24,23978,1802,0.0,0.0,9040.0
2021-03-25,22920,1852,0.0,0.0,9075.0
2021-03-26,23242,1905,0.0,0.0,9334.0
2021-03-27,17105,1696,0.0,0.0,9106.0
2021-03-28,8055,1401,0.0,0.0,8656.0
2021-03-29,22121,1855,0.0,0.0,8709.0
2021-03-30,23076,1758,0.0,0.0,8615.0
2021-03-31,21846,1720,0.0,0.0,8430.0
2021-04-01,21416,1723,0.0,0.0,8457.0
2021-04-02,20269,1823,0.0,0.0,8879.0
2021-04-03,15367,1606,0.0,0.0,8630.0
2021-04-04,5547,1298,0.0,0.0,8170.0
2021-04-05,7141,1375,0.0,0.0,7825.0
2021-04-06,18293,1603,0.0,0.0,7705.0
2021-04-07,18974,1474,0.0,0.0,7356.0
2021-04-08,17407,1370,0.0,0.0,7120.0
2021-04-09,16992,1394,0.0,0.0,7216.0
2021-04-10,13835,1267,0.0,0.0,7108.0
2021-04-11,6576,1113,0.0,0.0,6618.0
2021-04-12,16696,1227,0.0,0.0,6371.0
2021-04-13,17055,1311,0.0,0.0,6312.0
2021-04-14,16041,1149,0.0,0.0,6067.0
2021-04-15,14726,1128,0.0,0.0,5928.0
2021-04-16,14903,1045,0.0,0.0,5860.0
2021-04-17,11265,1006,0.0,0.0,5639.0
2021-04-18,5630,1005,0.0,0.0,5333.0
2021-04-19,14548,1102,0.0,0.0,5286.0
2021-04-20,15460,1112,0.0,0.0,5270.0
2021-04-21,14502,1087,0.0,0.0,5312.0
2021-04-22,14074,994,0.0,0.0,5300.0
2021-04-23,14284,1041,0.0,0.0,5336.0
2021-04-24,11889,943,0.0,0.0,5177.0
2021-04-25,5094,833,0.0,0.0,4898.0
2021-04-26,13538,996,0.0,0.0,4807.0
2021-04-27,14245,928,0.0,0.0,4741.0
2021-04-28,13530,968,0.0,0.0,4668.0
2021-04-29,12222,847,0.0,0.0,4572.0
2021-04-30,12770,890,0.0,0.0,4629.0
2021-05-01,5988,742,0.0,0.0,4375.0
2021-05-02,4515,667,0.0,0.0,4114.0
2021-05-03,11322,853,0.0,0.0,3999.0
2021-05-04,11247,834,0.0,0.0,3986.0
2021-05-05,10606,747,0.0,0.0,3843.0
2021-05-06,9370,677,0.0,0.0,3778.0
2021-05-07,9318,674,0.0,0.0,3785.0
2021-05-08,7238,612,0.0,0.0,3544.0
2021-05-09,3504,455,0.0,0.0,3165.0
2021-05-10,8030,653,0.0,0.0,3071.0
2021-05-11,8170,533,0.0,0.0,2927.0
2021-05-12,7376,552,0.0,0.0,2805.0
2021-05-13,6566,544,0.0,0.0,2737.0
2021-05-14,6433,498,0.0,0.0,2780.0
2021-05-15,4942,417,0.0,0.0,2544.0
2021-05-16,2084,361,0.0,0.0,2372.0
2021-05-17,5443,470,0.0,0.0,2290.0
2021-05-18,5737,384,0.0,0.0,2130.0
2021-05-19,5007,375,0.0,0.0,2007.0
2021-05-20,4343,372,0.0,0.0,1962.0
2021-05-21,4462,336,0.0,0.0,1937.0
2021-05-22,3588,271,0.0,0.0,1738.0
2021-05-23,1395,266,0.0,0.0,1620.0
2021-05-24,3935,302,0.0,0.0,1547.0
2021-05-25,3988,253,0.0,0.0,1428.0
2021-05-26,3630,291,0.0,0.0,1383.0
2021-05-27,3365,225,0.0,0.0,1337.0
2021-05-28,3383,271,0.0,0.0,1342.0
2021-05-29,2667,218,0.0,0.0,1258.0
2021-05-30,1151,184,0.0,0.0,1189.0
2021-05-31,2928,220,0.0,0.0,1118.0
2021-06-01,3102,223,0.0,0.0,1116.0
2021-06-02,1234,175,0.0,0.0,1020.0
2021-06-03,2718,186,0.0,0.0,988.0
2021-06-04,2935,201,0.0,0.0,1005.0
2021-06-05,2034,153,0.0,0.0,938.0
2021-06-06,945,161,0.0,0.0,876.0
2021-06-07,2177,189,0.0,0.0,890.0
2021-06-08,2117,167,0.0,0.0,871.0
2021-06-09,1823,149,0.0,0.0,819.0
2021-06-10,1794,126,0.0,0.0,792.0
2021-06-11,1803,127,0.0,0.0,758.0
2021-06-12,1155,127,0.0,0.0,696.0
2021-06-13,551,112,0.0,0.0,641.0
2021-06-14,1449,109,0.0,0.0,601.0
2021-06-15,1301,126,0.0,0.0,601.0
2021-06-16,1200,109,0.0,0.0,583.0
2021-06-17,1110,90,0.0,0.0,546.0
2021-06-18,1075,93,0.0,0.0,527.0
2021-06-19,818,71,0.0,0.0,489.0
2021-06-20,356,67,0.0,0.0,430.0
2021-06-21,942,78,0.0,0.0,399.0
2021-06-22,912,103,0.0,0.0,412.0
2021-06-23,771,74,0.0,0.0,393.0
2021-06-24,780,88,0.0,0.0,410.0
2021-06-25,842,65,0.0,0.0,408.0
2021-06-26,641,68,0.0,0.0,398.0
2021-06-27,264,57,0.0,0.0,352.0
2021-06-28,826,77,0.0,0.0,355.0
2021-06-29,786,72,0.0,0.0,339.0
2021-06-30,869,66,0.0,0.0,340.0
2021-07-01,904,72,0.0,0.0,344.0
2021-07-02,966,55,0.0,0.0,342.0
2021-07-03,806,61,0.0,0.0,326.0
2021-07-04,398,69,0.0,0.0,323.0
2021-07-05,1131,67,0.0,0.0,324.0
2021-07-06,1361,68,0.0,0.0,320.0
2021-07-07,1193,86,0.0,0.0,351.0
2021-07-08,1369,92,0.0,0.0,382.0
2021-07-09,1471,83,0.0,0.0,396.0
2021-07-10,1362,72,0.0,0.0,401.0
2021-07-11,764,71,0.0,0.0,404.0
2021-07-12,1967,86,0.0,0.0,404.0
2021-07-13,2531,109,0.0,0.0,421.0
2021-07-14,2561,95,0.0,0.0,433.0
2021-07-15,3072,105,0.0,0.0,466.0
2021-07-16,3617,119,0.0,0.0,514.0
2021-07-17,2841,120,0.0,0.0,548.0
2021-07-18,1644,116,0.0,0.0,555.0
2021-07-19,4154,166,0.0,0.0,626.0
2021-07-20,4913,159,0.0,0.0,680.0
2021-07-21,5047,176,0.0,0.0,737.0
2021-07-22,4915,197,0.0,0.0,814.0
2021-07-23,5387,187,0.0,0.0,885.0
2021-07-24,4188,187,0.0,0.0,906.0
2021-07-25,2167,213,0.0,0.0,960.0
2021-07-26,6275,212,0.0,0.0,996.0
2021-07-27,6354,210,0.0,0.0,1009.0
2021-07-28,6096,225,0.0,0.0,1047.0
2021-07-29,5866,212,0.0,0.0,1072.0
2021-07-30,6071,256,0.0,0.0,1115.0
2021-07-31,4925,232,0.0,0.0,1135.0
2021-08-01,2370,236,0.0,0.0,1161.0
2021-08-02,6596,271,0.0,0.0,1207.0
2021-08-03,7097,302,0.0,0.0,1297.0
2021-08-04,7118,283,0.0,0.0,1324.0
2021-08-05,6370,283,0.0,0.0,1375.0
2021-08-06,7065,314,0.0,0.0,1453.0
2021-08-07,5040,285,0.0,0.0,1467.0
2021-08-08,2984,267,0.0,0.0,1432.0
2021-08-09,6974,348,0.0,0.0,1497.0
2021-08-10,7262,329,0.0,0.0,1543.0
2021-08-11,6781,332,0.0,0.0,1561.0
2021-08-12,6858,324,0.0,0.0,1600.0
2021-08-13,6704,361,0.0,0.0,1694.0
2021-08-14,4968,326,0.0,0.0,1672.0
2021-08-15,2238,302,0.0,0.0,1645.0
2021-08-16,6541,406,0.0,0.0,1719.0
2021-08-17,7487,345,0.0,0.0,1740.0
2021-08-18,7079,393,0.0,0.0,1772.0
2021-08-19,6945,362,0.0,0.0,1808.0
2021-08-20,7282,347,0.0,0.0,1853.0
2021-08-21,5510,371,0.0,0.0,1818.0
2021-08-22,3015,288,0.0,0.0,1761.0
2021-08-23,7754,377,0.0,0.0,1745.0
2021-08-24,7720,380,0.0,0.0,1763.0
2021-08-25,7605,367,0.0,0.0,1783.0
2021-08-26,6884,409,0.0,0.0,1821.0
2021-08-27,6949,382,0.0,0.0,1915.0
2021-08-28,5461,365,0.0,0.0,1903.0
2021-08-29,2868,322,0.0,0.0,1845.0
2021-08-30,6825,326,0.0,0.0,1804.0
2021-08-31,6995,347,0.0,0.0,1742.0
2021-09-01,6445,350,0.0,0.0,1710.0
2021-09-02,6046,374,0.0,0.0,1719.0
2021-09-03,6158,338,0.0,0.0,1735.0
2021-09-04,4533,338,0.0,0.0,1747.0
2021-09-05,2296,262,0.0,0.0,1662.0
2021-09-06,5716,344,0.0,0.0,1656.0
2021-09-07,5889,339,0.0,0.0,1621.0
2021-09-08,5300,314,0.0,0.0,1597.0
2021-09-09,4923,305,0.0,0.0,1564.0
2021-09-10,5037,305,0.0,0.0,1607.0
2021-09-11,3894,293,0.0,0.0,1556.0
2021-09-12,1805,246,0.0,0.0,1463.0
2021-09-13,4870,326,0.0,0.0,1475.0
2021-09-14,5097,272,0.0,0.0,1442.0
2021-09-15,4762,249,0.0,0.0,1386.0
2021-09-16,4256,281,0.0,0.0,1374.0
2021-09-17,4438,263,0.0,0.0,1391.0
2021-09-18,3439,232,0.0,0.0,1297.0
2021-09-19,1659,208,0.0,0.0,1233.0
2021-09-20,4223,231,0.0,0.0,1215.0
2021-09-21,4052,235,0.0,0.0,1169.0
2021-09-22,3759,208,0.0,0.0,1114.0
2021-09-23,3464,244,0.0,0.0,1126.0
2021-09-24,3557,199,0.0,0.0,1117.0
2021-09-25,2804,183,0.0,0.0,1069.0
2021-09-26,1261,157,0.0,0.0,991.0
2021-09-27,3514,223,0.0,0.0,1006.0
2021-09-28,3628,188,0.0,0.0,950.0
2021-09-29,3413,169,0.0,0.0,920.0
2021-09-30,3280,179,0.0,0.0,916.0
2021-10-01,3094,199,0.0,0.0,958.0
2021-10-02,2667,174,0.0,0.0,909.0
2021-10-03,1040,152,0.0,0.0,873.0
2021-10-04,3058,177,0.0,0.0,881.0
2021-10-05,3102,174,0.0,0.0,876.0
2021-10-06,2830,153,0.0,0.0,830.0
2021-10-07,2714,166,0.0,0.0,822.0
2021-10-08,2631,149,0.0,0.0,819.0
2021-10-09,2085,137,0.0,0.0,779.0
2021-10-10,1189,126,0.0,0.0,731.0
2021-10-11,2990,146,0.0,0.0,724.0
2021-10-12,2731,161,0.0,0.0,719.0
2021-10-13,2626,159,0.0,0.0,729.0
2021-10-14,2701,142,0.0,0.0,734.0
2021-10-15,2873,172,0.0,0.0,780.0
2021-10-16,2274,158,0.0,0.0,792.0
2021-10-17,1152,141,0.0,0.0,772.0
2021-10-18,3602,194,0.0,0.0,807.0
2021-10-19,3741,216,0.0,0.0,881.0
2021-10-20,3732,194,0.0,0.0,903.0
2021-10-21,3824,195,0.0,0.0,940.0
2021-10-22,4320,242,0.0,0.0,1041.0
2021-10-23,3510,186,0.0,0.0,1033.0
2021-10-24,1526,189,0.0,0.0,1006.0
2021-10-25,4856,230,0.0,0.0,1042.0
2021-10-26,5049,222,0.0,0.0,1069.0
2021-10-27,5063,264,0.0,0.0,1091.0
2021-10-28,5010,239,0.0,0.0,1144.0
2021-10-29,5046,251,0.0,0.0,1206.0
2021-10-30,4510,247,0.0,0.0,1223.0
2021-10-31,2141,236,0.0,0.0,1237.0
2021-11-01,2824,225,0.0,0.0,1198.0
2021-11-02,6455,292,0.0,0.0,1251.0
2021-11-03,6592,290,0.0,0.0,1290.0
2021-11-04,7026,329,0.0,0.0,1372.0
2021-11-05,7208,309,0.0,0.0,1445.0
2021-11-06,5662,261,0.0,0.0,1481.0
2021-11-07,2609,248,0.0,0.0,1437.0
2021-11-08,8037,337,0.0,0.0,1484.0
2021-11-09,8580,313,0.0,0.0,1468.0
2021-11-10,8295,325,0.0,0.0,1484.0
2021-11-11,7899,302,0.0,0.0,1525.0
2021-11-12,8875,366,0.0,0.0,1643.0
2021-11-13,7467,356,0.0,0.0,1662.0
2021-11-14,3471,302,0.0,0.0,1651.0
2021-11-15,10054,392,0.0,0.0,1718.0
2021-11-16,11113,421,0.0,0.0,1837.0
2021-11-17,10556,398,0.0,0.0,1869.0
2021-11-18,10960,389,0.0,0.0,1902.0
2021-11-19,11388,419,0.0,0.0,2019.0
2021-11-20,9551,379,0.0,0.0,2006.0
2021-11-21,4348,360,0.0,0.0,1945.0
2021-11-22,12849,458,0.0,0.0,2005.0
2021-11-23,13538,461,0.0,0.0,2077.0
2021-11-24,13184,428,0.0,0.0,2086.0
2021-11-25,13284,468,0.0,0.0,2175.0
2021-11-26,13747,492,0.0,0.0,2307.0
2021-11-27,11887,444,0.0,0.0,2293.0
2021-11-28,5536,386,0.0,0.0,2218.0
2021-11-29,16067,514,0.0,0.0,2304.0
2021-11-30,16208,481,0.0,0.0,2317.0
2021-12-01,16048,473,0.0,0.0,2298.0
2021-12-02,16869,549,0.0,0.0,2403.0
2021-12-03,17380,534,0.0,0.0,2551.0
2021-12-04,14413,520,0.0,0.0,2557.0
2021-12-05,6852,459,0.0,0.0,2535.0
2021-12-06,19758,639,0.0,0.0,2701.0
2021-12-07,20240,557,0.0,0.0,2709.0
2021-12-08,10035,538,0.0,0.0,2713.0
2021-12-09,21407,639,0.0,0.0,2832.0
2021-12-10,22747,631,0.0,0.0,3004.0
2021-12-11,19273,626,0.0,0.0,2991.0
2021-12-12,9137,527,0.0,0.0,2961.0
2021-12-13,25722,706,0.0,0.0,3129.0
2021-12-14,26366,696,0.0,0.0,3186.0
2021-12-15,26645,687,0.0,0.0,3242.0
2021-12-16,27085,707,0.0,0.0,3323.0
2021-12-17,29721,750,0.0,0.0,3546.0
2021-12-18,24166,671,0.0,0.0,3511.0
2021-12-19,12409,649,0.0,0.0,3464.0
2021-12-20,38538,801,0.0,0.0,3578.0
2021-12-21,42407,851,0.0,0.0,3722.0
2021-12-22,51613,858,0.0,0.0,3830.0
2021-12-23,58656,845,0.0,0.0,4004.0
2021-12-24,58690,962,0.0,0.0,4317.0
2021-12-25,15372,907,0.0,0.0,4423.0
2021-12-26,29256,925,0.0,0.0,4497.0
2021-12-27,112797,1214,0.0,0.0,4853.0
2021-12-28,131332,1254,0.0,0.0,5262.0
2021-12-29,161899,1354,0.0,0.0,5654.0
2021-12-30,169614,1251,0.0,0.0,5998.0
2021-12-31,142083,1347,0.0,0.0,6420.0
2022-01-01,36303,1275,0.0,0.0,6481.0
2022-01-02,65511,1171,0.0,0.0,6398.0
2022-01-03,219400,1632,0.0,0.0,6676.0
2022-01-04,209083,1800,0.0,0.0,7225.0
2022-01-05,210160,1769,0.0,0.0,7647.0
2022-01-06,70832,1580,0.0,0.0,7952.0
2022-01-07,232608,1699,0.0,0.0,8480.0
2022-01-08,154390,1639,0.0,0.0,8487.0
2022-01-09,71710,1369,0.0,0.0,8056.0
2022-01-10,252667,1719,0.0,0.0,8006.0
2022-01-11,205497,1670,0.0,0.0,8096.0
2022-01-12,189046,1691,0.0,0.0,8088.0
2022-01-13,176370,1632,0.0,0.0,8081.0
2022-01-14,181599,1651,0.0,0.0,8363.0
2022-01-15,145444,1568,0.0,0.0,8212.0
2022-01-16,64680,1265,0.0,0.0,7807.0
2022-01-17,239753,1782,0.0,0.0,7898.0
2022-01-18,194593,1821,0.0,0.0,8087.0
2022-01-19,189987,1669,0.0,0.0,8105.0
2022-01-20,174364,1630,0.0,0.0,8167.0
2022-01-21,174518,1535,0.0,0.0,8437.0
2022-01-22,136157,1440,0.0,0.0,8095.0
2022-01-23,61618,1194,0.0,0.0,7468.0
2022-01-24,208835,1614,0.0,0.0,7413.0
2022-01-25,158621,1542,0.0,0.0,7325.0
2022-01-26,152197,1520,0.0,0.0,7310.0
2022-01-27,134748,1460,0.0,0.0,7330.0
2022-01-28,132033,1398,0.0,0.0,7534.0
2022-01-29,103025,1279,0.0,0.0,7199.0
2022-01-30,46759,1080,0.0,0.0,6737.0
2022-01-31,152662,1446,0.0,0.0,6663.0
2022-02-01,114303,1355,0.0,0.0,6558.0
2022-02-02,106647,1397,0.0,0.0,6557.0
2022-02-03,93734,1267,0.0,0.0,6545.0
2022-02-04,91092,1213,0.0,0.0,6678.0
2022-02-05,73816,1030,0.0,0.0,6262.0
2022-02-06,33828,921,0.0,0.0,5828.0
2022-02-07,110803,1176,0.0,0.0,5607.0
2022-02-08,78539,1121,0.0,0.0,5461.0
2022-02-09,73359,1110,0.0,0.0,5358.0
2022-02-10,63589,1016,0.0,0.0,5344.0
2022-02-11,60866,933,0.0,0.0,5356.0
2022-02-12,49648,877,0.0,0.0,5057.0
2022-02-13,24085,708,0.0,0.0,4644.0
2022-02-14,77742,975,0.0,0.0,4509.0
2022-02-15,56401,873,0.0,0.0,4366.0
2022-02-16,57459,791,0.0,0.0,4224.0
2022-02-17,52024,795,0.0,0.0,4142.0
2022-02-18,50307,781,0.0,0.0,4215.0
2022-02-19,41913,702,0.0,0.0,3942.0
2022-02-20,20593,588,0.0,0.0,3657.0
2022-02-21,65569,811,0.0,0.0,3677.0
2022-02-22,45966,707,0.0,0.0,3589.0
2022-02-23,47015,714,0.0,0.0,3522.0
2022-02-24,41028,615,0.0,0.0,3435.0
2022-02-25,38927,606,0.0,0.0,3453.0
2022-02-26,31381,519,0.0,0.0,3161.0
2022-02-27,15385,431,0.0,0.0,2885.0
2022-02-28,52982,619,0.0,0.0,2790.0
2022-03-01,36604,644,0.0,0.0,2819.0
2022-03-02,43066,607,0.0,0.0,2820.0
2022-03-03,40471,641,0.0,0.0,2942.0
2022-03-04,42848,586,0.0,0.0,3097.0
2022-03-05,37760,507,0.0,0.0,2985.0
2022-03-06,19876,473,0.0,0.0,2814.0
2022-03-07,67431,602,0.0,0.0,2809.0
2022-03-08,50858,612,0.0,0.0,2780.0
2022-03-09,56289,607,0.0,0.0,2801.0
2022-03-10,55788,585,0.0,0.0,2879.0
2022-03-11,57590,649,0.0,0.0,3055.0
2022-03-12,50852,572,0.0,0.0,3025.0
2022-03-13,26521,566,0.0,0.0,2979.0
2022-03-14,97732,685,0.0,0.0,3057.0
2022-03-15,75624,772,0.0,0.0,3244.0
2022-03-16,83554,761,0.0,0.0,3356.0
2022-03-17,78937,768,0.0,0.0,3552.0
2022-03-18,75699,719,0.0,0.0,3705.0
2022-03-19,61818,671,0.0,0.0,3691.0
2022-03-20,29180,590,0.0,0.0,3509.0
2022-03-21,105037,825,0.0,0.0,3573.0
2022-03-22,77783,785,0.0,0.0,3590.0
2022-03-23,82425,813,0.0,0.0,3684.0
2022-03-24,75529,738,0.0,0.0,3751.0
2022-03-25,75393,776,0.0,0.0,3937.0
2022-03-26,61069,747,0.0,0.0,3859.0
2022-03-27,27461,640,0.0,0.0,3714.0
2022-03-28,109381,857,0.0,0.0,3758.0
2022-03-29,79302,894,0.0,0.0,3914.0
2022-03-30,77105,822,0.0,0.0,3960.0
2022-03-31,74005,884,0.0,0.0,4097.0
2022-04-01,72067,767,0.0,0.0,4224.0
2022-04-02,55615,671,0.0,0.0,4038.0
2022-04-03,25927,554,0.0,0.0,3698.0
2022-04-04,96437,778,0.0,0.0,3654.0
2022-04-05,69523,779,0.0,0.0,3549.0
2022-04-06,72012,809,0.0,0.0,3591.0
2022-04-07,66667,827,0.0,0.0,3747.0
2022-04-08,65492,778,0.0,0.0,3971.0
2022-04-09,54476,714,0.0,0.0,3907.0
2022-04-10,23892,544,0.0,0.0,3672.0
2022-04-11,89687,745,0.0,0.0,3608.0
2022-04-12,61726,785,0.0,0.0,3566.0
2022-04-13,65649,772,0.0,0.0,3560.0
2022-04-14,62685,776,0.0,0.0,3622.0
2022-04-15,64263,721,0.0,0.0,3799.0
2022-04-16,53409,692,0.0,0.0,3746.0
2022-04-17,16523,537,0.0,0.0,3498.0
2022-04-18,25585,596,0.0,0.0,3322.0
2022-04-19,109944,820,0.0,0.0,3366.0
2022-04-20,76438,843,0.0,0.0,3488.0
2022-04-21,73167,724,0.0,0.0,3520.0
2022-04-22,72410,724,0.0,0.0,3707.0
2022-04-23,55873,621,0.0,0.0,3732.0
2022-04-24,24219,554,0.0,0.0,3466.0
2022-04-25,28815,535,0.0,0.0,3158.0
2022-04-26,100132,757,0.0,0.0,3191.0
2022-04-27,64208,748,0.0,0.0,3215.0
2022-04-28,57730,705,0.0,0.0,3299.0
2022-04-29,53917,669,0.0,0.0,3414.0
2022-04-30,40946,533,0.0,0.0,3412.0
2022-05-01,15410,489,0.0,0.0,3144.0
2022-05-02,69486,668,0.0,0.0,3064.0
2022-05-03,47206,628,0.0,0.0,2987.0
2022-05-04,47101,601,0.0,0.0,2919.0
2022-05-05,43852,583,0.0,0.0,2969.0
2022-05-06,41479,576,0.0,0.0,3056.0
2022-05-07,32336,454,0.0,0.0,2842.0
2022-05-08,15187,402,0.0,0.0,2616.0
2022-05-09,60635,533,0.0,0.0,2548.0
2022-05-10,41613,580,0.0,0.0,2545.0
2022-05-11,42131,559,0.0,0.0,2528.0
2022-05-12,38310,554,0.0,0.0,2628.0
2022-05-13,36471,477,0.0,0.0,2703.0
2022-05-14,27217,444,0.0,0.0,2614.0
2022-05-15,11704,364,0.0,0.0,2398.0
2022-05-16,47897,491,0.0,0.0,2330.0
2022-05-17,30770,490,0.0,0.0,2266.0
2022-05-18,30649,483,0.0,0.0,2272.0
2022-05-19,26821,394,0.0,0.0,2222.0
2022-05-20,24514,394,0.0,0.0,2252.0
2022-05-21,17994,325,0.0,0.0,2086.0
2022-05-22,8701,301,0.0,0.0,1897.0
2022-05-23,34020,403,0.0,0.0,1817.0
2022-05-24,22503,380,0.0,0.0,1803.0
2022-05-25,22230,381,0.0,0.0,1790.0
2022-05-26,19655,349,0.0,0.0,1814.0
2022-05-27,18598,320,0.0,0.0,1833.0
2022-05-28,14919,288,0.0,0.0,1718.0
2022-05-29,7052,261,0.0,0.0,1599.0
2022-05-30,26021,336,0.0,0.0,1554.0
2022-05-31,18637,343,0.0,0.0,1548.0
2022-06-01,19552,325,0.0,0.0,1553.0
2022-06-02,6934,246,0.0,0.0,1511.0
2022-06-03,24573,332,0.0,0.0,1582.0
2022-06-04,15515,289,0.0,0.0,1535.0
2022-06-05,8112,264,0.0,0.0,1456.0
2022-06-06,30802,362,0.0,0.0,1493.0
2022-06-07,22786,365,0.0,0.0,1612.0
2022-06-08,23618,362,0.0,0.0,1642.0
2022-06-09,22766,311,0.0,0.0,1664.0
2022-06-10,22886,339,0.0,0.0,1739.0
2022-06-11,19296,299,0.0,0.0,1676.0
2022-06-12,10057,317,0.0,0.0,1628.0
2022-06-13,43163,409,0.0,0.0,1675.0
2022-06-14,34012,463,0.0,0.0,1827.0
2022-06-15,37958,475,0.0,0.0,1963.0
2022-06-16,37768,472,0.0,0.0,2136.0
2022-06-17,38729,475,0.0,0.0,2294.0
2022-06-18,31386,460,0.0,0.0,2345.0
2022-06-19,15659,422,0.0,0.0,2304.0
2022-06-20,69054,574,0.0,0.0,2403.0
2022-06-21,52917,604,0.0,0.0,2535.0
2022-06-22,58310,575,0.0,0.0,2635.0
2022-06-23,57667,641,0.0,0.0,2816.0
2022-06-24,58399,604,0.0,0.0,2998.0
2022-06-25,50105,656,0.0,0.0,3080.0
2022-06-26,23758,518,0.0,0.0,2994.0
2022-06-27,105545,783,0.0,0.0,3202.0
2022-06-28,80264,748,0.0,0.0,3309.0
2022-06-29,84931,798,0.0,0.0,3503.0
2022-06-30,86619,839,0.0,0.0,3686.0
2022-07-01,89778,911,0.0,0.0,4079.0
2022-07-02,73020,805,0.0,0.0,4101.0
2022-07-03,33959,717,0.0,0.0,4070.0
2022-07-04,148226,989,0.0,0.0,4261.0
2022-07-05,108141,962,0.0,0.0,4384.0
2022-07-06,110314,975,0.0,0.0,4448.0
2022-07-07,100044,1017,0.0,0.0,4660.0
2022-07-08,102704,952,0.0,0.0,4895.0
2022-07-09,82096,838,0.0,0.0,4744.0
2022-07-10,35282,720,0.0,0.0,4502.0
2022-07-11,154714,1037,0.0,0.0,4564.0
2022-07-12,111018,1007,0.0,0.0,4554.0
2022-07-13,108580,952,0.0,0.0,4554.0
2022-07-14,96896,1004,0.0,0.0,4720.0
2022-07-15,92421,947,0.0,0.0,4947.0
2022-07-16,70047,827,0.0,0.0,4737.0
2022-07-17,29098,689,0.0,0.0,4419.0
2022-07-18,128084,1011,0.0,0.0,4478.0
2022-07-19,85095,970,0.0,0.0,4444.0
2022-07-20,81301,994,0.0,0.0,4491.0
2022-07-21,71191,945,0.0,0.0,4609.0
2022-07-22,69313,903,0.0,0.0,4823.0
2022-07-23,52053,738,0.0,0.0,4550.0
2022-07-24,21476,630,0.0,0.0,4210.0
2022-07-25,95950,907,0.0,0.0,4123.0
2022-07-26,63616,866,0.0,0.0,4044.0
2022-07-27,59665,801,0.0,0.0,3942.0
2022-07-28,53020,742,0.0,0.0,3946.0
2022-07-29,50152,671,0.0,0.0,3987.0
2022-07-30,38650,596,0.0,0.0,3676.0
2022-07-31,16114,477,0.0,0.0,3287.0
2022-08-01,69566,721,0.0,0.0,3207.0
2022-08-02,44663,706,0.0,0.0,3171.0
2022-08-03,42189,599,0.0,0.0,3099.0
2022-08-04,37434,566,0.0,0.0,3069.0
2022-08-05,34874,594,0.0,0.0,3186.0
2022-08-06,26749,508,0.0,0.0,2973.0
2022-08-07,10961,422,0.0,0.0,2689.0
2022-08-08,45653,550,0.0,0.0,2640.0
2022-08-09,30034,611,0.0,0.0,2685.0
2022-08-10,28222,544,0.0,0.0,2635.0
2022-08-11,25493,484,0.0,0.0,2611.0
2022-08-12,24623,431,0.0,0.0,2620.0
2022-08-13,19431,347,0.0,0.0,2417.0
2022-08-14,9804,314,0.0,0.0,2120.0
2022-08-15,8329,344,0.0,0.0,1920.0
2022-08-16,38746,471,0.0,0.0,1907.0
2022-08-17,26251,469,0.0,0.0,1945.0
2022-08-18,24363,400,0.0,0.0,1998.0
2022-08-19,24388,409,0.0,0.0,2093.0
2022-08-20,19987,367,0.0,0.0,2116.0
2022-08-21,8976,303,0.0,0.0,1948.0
2022-08-22,37510,403,0.0,0.0,1882.0
2022-08-23,25298,430,0.0,0.0,1912.0
2022-08-24,22659,385,0.0,0.0,1888.0
2022-08-25,21740,315,0.0,0.0,1836.0
2022-08-26,22331,356,0.0,0.0,1889.0
2022-08-27,17667,309,0.0,0.0,1795.0
2022-08-28,7601,242,0.0,0.0,1607.0
2022-08-29,32886,357,0.0,0.0,1579.0
2022-08-30,21184,349,0.0,0.0,1613.0
2022-08-31,20558,332,0.0,0.0,1589.0
2022-09-01,18568,359,0.0,0.0,1639.0
2022-09-02,17669,309,0.0,0.0,1706.0
2022-09-03,13565,256,0.0,0.0,1605.0
2022-09-04,5791,227,0.0,0.0,1483.0
2022-09-05,26138,322,0.0,0.0,1473.0
2022-09-06,17164,289,0.0,0.0,1403.0
2022-09-07,17142,318,0.0,0.0,1412.0
2022-09-08,15286,289,0.0,0.0,1445.0
2022-09-09,15715,260,0.0,0.0,1478.0
2022-09-10,12449,248,0.0,0.0,1404.0
2022-09-11,5729,203,0.0,0.0,1318.0
2022-09-12,25361,290,0.0,0.0,1290.0
2022-09-13,17273,290,0.0,0.0,1291.0
2022-09-14,17761,295,0.0,0.0,1326.0
2022-09-15,17437,279,0.0,0.0,1357.0
2022-09-16,17197,301,0.0,0.0,1455.0
2022-09-17,13654,256,0.0,0.0,1421.0
2022-09-18,6448,188,0.0,0.0,1319.0
2022-09-19,29372,300,0.0,0.0,1324.0
2022-09-20,20954,318,0.0,0.0,1363.0
2022-09-21,22269,285,0.0,0.0,1347.0
2022-09-22,21656,293,0.0,0.0,1384.0
2022-09-23,22401,309,0.0,0.0,1505.0
2022-09-24,19028,292,0.0,0.0,1497.0
2022-09-25,9522,278,0.0,0.0,1457.0
2022-09-26,46857,438,0.0,0.0,1610.0
2022-09-27,36483,448,0.0,0.0,1765.0
2022-09-28,37167,476,0.0,0.0,1932.0
2022-09-29,34359,480,0.0,0.0,2120.0
2022-09-30,34085,460,0.0,0.0,2302.0
2022-10-01,28465,450,0.0,0.0,2314.0
2022-10-02,12520,388,0.0,0.0,2254.0
2022-10-03,63472,572,0.0,0.0,2350.0
2022-10-04,43427,544,0.0,0.0,2414.0
2022-10-05,46249,594,0.0,0.0,2548.0
2022-10-06,43793,522,0.0,0.0,2620.0
2022-10-07,44028,569,0.0,0.0,2801.0
2022-10-08,33656,545,0.0,0.0,2774.0
2022-10-09,13839,439,0.0,0.0,2669.0
2022-10-10,68151,638,0.0,0.0,2713.0
2022-10-11,46217,615,0.0,0.0,2806.0
2022-10-12,45221,611,0.0,0.0,2848.0
2022-10-13,39394,512,0.0,0.0,2815.0
2022-10-14,38958,591,0.0,0.0,2967.0
2022-10-15,29059,454,0.0,0.0,2783.0
2022-10-16,11714,399,0.0,0.0,2567.0
2022-10-17,53187,515,0.0,0.0,2471.0
2022-10-18,33915,511,0.0,0.0,2470.0
2022-10-19,31854,407,0.0,0.0,2286.0
2022-10-20,24778,399,0.0,0.0,2231.0
2022-10-21,18467,253,0.0,0.0,2085.0
2022-10-22,11873,91,0.0,0.0,1661.0
2022-10-23,489,11,0.0,0.0,1161.0
