Date,I_data,H_data
2020-01-29,12.0,0.0
2020-01-30,12.0,0.0
2020-01-31,12.0,0.0
2020-02-01,12.0,0.0
2020-02-02,12.0,0.0
2020-02-03,0.0,0.0
2020-02-04,0.0,0.0
2020-02-05,0.0,0.0
2020-02-06,6.0,0.0
2020-02-07,6.0,0.0
2020-02-08,6.0,0.0
2020-02-09,6.0,0.0
2020-02-10,6.0,0.0
2020-02-11,0.0,0.0
2020-02-12,0.0,0.0
2020-02-13,0.0,0.0
2020-02-14,0.0,0.0
2020-02-15,0.0,0.0
2020-02-16,0.0,0.0
2020-02-17,0.0,0.0
2020-02-18,0.0,0.0
2020-02-19,0.0,0.0
2020-02-20,24.0,91.0
2020-02-21,240.0,214.0
2020-02-22,582.0,322.0
2020-02-23,1044.0,473.0
2020-02-24,1554.0,664.0
2020-02-25,2682.0,840.0
2020-02-26,4128.0,990.0
2020-02-27,5508.0,1198.0
2020-02-28,7164.0,1427.0
2020-02-29,8892.0,1610.0
2020-03-01,10200.0,1784.0
2020-03-02,12318.0,2180.0
2020-03-03,15408.0,2680.0
2020-03-04,19740.0,3214.0
2020-03-05,25314.0,3937.0
2020-03-06,32034.0,4720.0
2020-03-07,37170.0,5254.0
2020-03-08,41058.0,5597.0
2020-03-09,48030.0,6142.0
2020-03-10,54906.0,6630.0
2020-03-11,62388.0,7165.0
2020-03-12,72330.0,7869.0
2020-03-13,88242.0,9049.0
2020-03-14,96012.0,9588.0
2020-03-15,98412.0,9913.0
2020-03-16,110652.0,10648.0
2020-03-17,123870.0,11409.0
2020-03-18,133392.0,11782.0
2020-03-19,146286.0,12574.0
2020-03-20,166746.0,13527.0
2020-03-21,167340.0,13582.0
2020-03-22,158814.0,13113.0
2020-03-23,161268.0,13120.0
2020-03-24,162678.0,12958.0
2020-03-25,159960.0,12418.0
2020-03-26,164640.0,12000.0
2020-03-27,175812.0,12050.0
2020-03-28,166398.0,11085.0
2020-03-29,148968.0,9900.0
2020-03-30,144642.0,9269.0
2020-03-31,142596.0,8739.0
2020-04-01,138024.0,8014.0
2020-04-02,139518.0,7736.0
2020-04-03,148134.0,7574.0
2020-04-04,139620.0,6920.0
2020-04-05,123090.0,6165.0
2020-04-06,117468.0,5681.0
2020-04-07,113640.0,5257.0
2020-04-08,115710.0,5041.0
2020-04-09,121824.0,5024.0
2020-04-10,137010.0,5129.0
2020-04-11,133062.0,4918.0
2020-04-12,119730.0,4538.0
2020-04-13,104598.0,4105.0
2020-04-14,96156.0,3965.0
2020-04-15,89052.0,3748.0
2020-04-16,90690.0,3654.0
2020-04-17,100164.0,3723.0
2020-04-18,102378.0,3673.0
2020-04-19,91038.0,3270.0
2020-04-20,85404.0,3210.0
2020-04-21,81660.0,3101.0
2020-04-22,76296.0,2989.0
2020-04-23,77322.0,3018.0
2020-04-24,85428.0,3110.0
2020-04-25,77370.0,2870.0
2020-04-26,64998.0,2611.0
2020-04-27,61242.0,2445.0
2020-04-28,57822.0,2288.0
2020-04-29,55362.0,2141.0
2020-04-30,58980.0,2090.0
2020-05-01,59382.0,2013.0
2020-05-02,53646.0,1800.0
2020-05-03,43236.0,1535.0
2020-05-04,37992.0,1427.0
2020-05-05,33606.0,1347.0
2020-05-06,35742.0,1362.0
2020-05-07,37950.0,1419.0
2020-05-08,43206.0,1533.0
2020-05-09,38868.0,1404.0
2020-05-10,31662.0,1279.0
2020-05-11,28266.0,1239.0
2020-05-12,25422.0,1128.0
2020-05-13,22476.0,1040.0
2020-05-14,23490.0,1070.0
2020-05-15,26220.0,1119.0
2020-05-16,24618.0,996.0
2020-05-17,20922.0,930.0
2020-05-18,19512.0,898.0
2020-05-19,18432.0,849.0
2020-05-20,17742.0,778.0
2020-05-21,17826.0,771.0
2020-05-22,20142.0,786.0
2020-05-23,18348.0,704.0
2020-05-24,14910.0,641.0
2020-05-25,13932.0,656.0
2020-05-26,13446.0,651.0
2020-05-27,12474.0,632.0
2020-05-28,13434.0,618.0
2020-05-29,14868.0,640.0
2020-05-30,13500.0,561.0
2020-05-31,10794.0,494.0
2020-06-01,9918.0,510.0
2020-06-02,7344.0,495.0
2020-06-03,7176.0,483.0
2020-06-04,7632.0,488.0
2020-06-05,9408.0,531.0
2020-06-06,8364.0,445.0
2020-06-07,8346.0,424.0
2020-06-08,7998.0,445.0
2020-06-09,8040.0,434.0
2020-06-10,8094.0,415.0
2020-06-11,9570.0,427.0
2020-06-12,11274.0,472.0
2020-06-13,10758.0,410.0
2020-06-14,8958.0,381.0
2020-06-15,8250.0,392.0
2020-06-16,7236.0,391.0
2020-06-17,6846.0,401.0
2020-06-18,6960.0,412.0
2020-06-19,8292.0,458.0
2020-06-20,7626.0,399.0
2020-06-21,6318.0,383.0
2020-06-22,6528.0,387.0
2020-06-23,6864.0,382.0
2020-06-24,6372.0,381.0
2020-06-25,6600.0,418.0
2020-06-26,7344.0,464.0
2020-06-27,6060.0,401.0
2020-06-28,4722.0,360.0
2020-06-29,4860.0,367.0
2020-06-30,4860.0,370.0
2020-07-01,5166.0,343.0
2020-07-02,5916.0,376.0
2020-07-03,6984.0,435.0
2020-07-04,6942.0,366.0
2020-07-05,6180.0,338.0
2020-07-06,6180.0,358.0
2020-07-07,6042.0,349.0
2020-07-08,6312.0,331.0
2020-07-09,6288.0,362.0
2020-07-10,7356.0,390.0
2020-07-11,6912.0,357.0
2020-07-12,5940.0,331.0
2020-07-13,5352.0,345.0
2020-07-14,5484.0,349.0
2020-07-15,5400.0,346.0
2020-07-16,6012.0,350.0
2020-07-17,7326.0,407.0
2020-07-18,7212.0,370.0
2020-07-19,6426.0,335.0
2020-07-20,6900.0,358.0
2020-07-21,6978.0,384.0
2020-07-22,7014.0,361.0
2020-07-23,7602.0,377.0
2020-07-24,8808.0,411.0
2020-07-25,8064.0,379.0
2020-07-26,6942.0,341.0
2020-07-27,7164.0,344.0
2020-07-28,7446.0,344.0
2020-07-29,8382.0,351.0
2020-07-30,9480.0,351.0
2020-07-31,10818.0,391.0
2020-08-01,10002.0,379.0
2020-08-02,8742.0,364.0
2020-08-03,8442.0,395.0
2020-08-04,8502.0,394.0
2020-08-05,9660.0,401.0
2020-08-06,10890.0,404.0
2020-08-07,13170.0,430.0
2020-08-08,12654.0,378.0
2020-08-09,11430.0,378.0
2020-08-10,11304.0,393.0
2020-08-11,12066.0,383.0
2020-08-12,12882.0,411.0
2020-08-13,14082.0,440.0
2020-08-14,16572.0,460.0
2020-08-15,15420.0,416.0
2020-08-16,13824.0,422.0
2020-08-17,14226.0,420.0
2020-08-18,16266.0,453.0
2020-08-19,18672.0,515.0
2020-08-20,23460.0,540.0
2020-08-21,29694.0,571.0
2020-08-22,31296.0,586.0
2020-08-23,29880.0,560.0
2020-08-24,33258.0,548.0
2020-08-25,35862.0,611.0
2020-08-26,37014.0,665.0
2020-08-27,40050.0,693.0
2020-08-28,44526.0,749.0
2020-08-29,41274.0,728.0
2020-08-30,35208.0,690.0
2020-08-31,34362.0,682.0
2020-09-01,25584.0,692.0
2020-09-02,17292.0,729.0
2020-09-03,11166.0,803.0
2020-09-04,8076.0,867.0
2020-09-05,0.0,871.0
2020-09-06,0.0,836.0
2020-09-07,0.0,870.0
2020-09-08,0.0,862.0
2020-09-09,0.0,879.0
2020-09-10,0.0,950.0
2020-09-11,0.0,1036.0
2020-09-12,0.0,999.0
2020-09-13,0.0,993.0
2020-09-14,0.0,1029.0
2020-09-15,0.0,1059.0
2020-09-16,0.0,1086.0
2020-09-17,0.0,1150.0
2020-09-18,0.0,1221.0
2020-09-19,0.0,1175.0
2020-09-20,0.0,1093.0
2020-09-21,0.0,1126.0
2020-09-22,0.0,1143.0
2020-09-23,0.0,1166.0
2020-09-24,0.0,1235.0
2020-09-25,0.0,1353.0
2020-09-26,0.0,1300.0
2020-09-27,0.0,1230.0
2020-09-28,0.0,1253.0
2020-09-29,0.0,1288.0
2020-09-30,0.0,1272.0
2020-10-01,0.0,1404.0
2020-10-02,0.0,1576.0
2020-10-03,0.0,1645.0
2020-10-04,0.0,1682.0
2020-10-05,0.0,1864.0
2020-10-06,0.0,2017.0
2020-10-07,0.0,2141.0
2020-10-08,0.0,2318.0
2020-10-09,0.0,2561.0
2020-10-10,0.0,2688.0
2020-10-11,0.0,2777.0
2020-10-12,0.0,3052.0
2020-10-13,0.0,3339.0
2020-10-14,0.0,3618.0
2020-10-15,0.0,3994.0
2020-10-16,0.0,4381.0
2020-10-17,0.0,4728.0
2020-10-18,0.0,4942.0
2020-10-19,0.0,5408.0
2020-10-20,0.0,5879.0
2020-10-21,0.0,6331.0
2020-10-22,0.0,6751.0
2020-10-23,0.0,7453.0
2020-10-24,0.0,7718.0
2020-10-25,0.0,7949.0
2020-10-26,0.0,8522.0
2020-10-27,0.0,8960.0
2020-10-28,0.0,9243.0
2020-10-29,0.0,9778.0
2020-10-30,0.0,10425.0
2020-10-31,0.0,10489.0
2020-11-01,0.0,10447.0
2020-11-02,0.0,10867.0
2020-11-03,0.0,11243.0
2020-11-04,0.0,11566.0
2020-11-05,0.0,12132.0
2020-11-06,0.0,12782.0
2020-11-07,0.0,12776.0
2020-11-08,0.0,12473.0
2020-11-09,0.0,12363.0
2020-11-10,0.0,12274.0
2020-11-11,0.0,12336.0
2020-11-12,0.0,12437.0
2020-11-13,0.0,12810.0
2020-11-14,0.0,12625.0
2020-11-15,0.0,12104.0
2020-11-16,0.0,11962.0
2020-11-17,0.0,11897.0
2020-11-18,0.0,11658.0
2020-11-19,0.0,11642.0
2020-11-20,0.0,11837.0
2020-11-21,0.0,11165.0
2020-11-22,0.0,10302.0
2020-11-23,0.0,10006.0
2020-11-24,0.0,9650.0
2020-11-25,0.0,9290.0
2020-11-26,0.0,9246.0
2020-11-27,0.0,9421.0
2020-11-28,0.0,9004.0
2020-11-29,0.0,8422.0
2020-11-30,0.0,8166.0
2020-12-01,0.0,8002.0
2020-12-02,0.0,7844.0
2020-12-03,0.0,7817.0
2020-12-04,0.0,7988.0
2020-12-05,0.0,7822.0
2020-12-06,0.0,7470.0
2020-12-07,0.0,7264.0
2020-12-08,0.0,6986.0
2020-12-09,0.0,6873.0
2020-12-10,0.0,6835.0
2020-12-11,0.0,7012.0
2020-12-12,0.0,6862.0
2020-12-13,0.0,6602.0
2020-12-14,0.0,6525.0
2020-12-15,0.0,6402.0
2020-12-16,0.0,6214.0
2020-12-17,0.0,6238.0
2020-12-18,0.0,6464.0
2020-12-19,0.0,6315.0
2020-12-20,0.0,6086.0
2020-12-21,0.0,6085.0
2020-12-22,0.0,6082.0
2020-12-23,0.0,6053.0
2020-12-24,0.0,6105.0
2020-12-25,0.0,6051.0
2020-12-26,0.0,5947.0
2020-12-27,0.0,5859.0
2020-12-28,0.0,5980.0
2020-12-29,0.0,6127.0
2020-12-30,0.0,6477.0
2020-12-31,0.0,6697.0
2021-01-01,0.0,6645.0
2021-01-02,0.0,6697.0
2021-01-03,0.0,6504.0
2021-01-04,0.0,6596.0
2021-01-05,0.0,6688.0
2021-01-06,0.0,6758.0
2021-01-07,0.0,6753.0
2021-01-08,0.0,7009.0
2021-01-09,0.0,6853.0
2021-01-10,0.0,6543.0
2021-01-11,0.0,6668.0
2021-01-12,0.0,6568.0
2021-01-13,0.0,6379.0
2021-01-14,0.0,6389.0
2021-01-15,0.0,6487.0
2021-01-16,0.0,6337.0
2021-01-17,0.0,5956.0
2021-01-18,0.0,5837.0
2021-01-19,0.0,5625.0
2021-01-20,0.0,5453.0
2021-01-21,0.0,5397.0
2021-01-22,0.0,5534.0
2021-01-23,0.0,5369.0
2021-01-24,0.0,5153.0
2021-01-25,0.0,5246.0
2021-01-26,0.0,5080.0
2021-01-27,0.0,4941.0
2021-01-28,0.0,4924.0
2021-01-29,0.0,5089.0
2021-01-30,0.0,4821.0
2021-01-31,0.0,4674.0
2021-02-01,0.0,4810.0
2021-02-02,0.0,4813.0
2021-02-03,0.0,4768.0
2021-02-04,0.0,4841.0
2021-02-05,0.0,4990.0
2021-02-06,0.0,4822.0
2021-02-07,0.0,4685.0
2021-02-08,0.0,4725.0
2021-02-09,0.0,4709.0
2021-02-10,0.0,4739.0
2021-02-11,0.0,4828.0
2021-02-12,0.0,4920.0
2021-02-13,0.0,4746.0
2021-02-14,0.0,4524.0
2021-02-15,0.0,4491.0
2021-02-16,0.0,4456.0
2021-02-17,0.0,4541.0
2021-02-18,0.0,4744.0
2021-02-19,0.0,5043.0
2021-02-20,0.0,5064.0
2021-02-21,0.0,5045.0
2021-02-22,0.0,5310.0
2021-02-23,0.0,5539.0
2021-02-24,0.0,5703.0
2021-02-25,0.0,5918.0
2021-02-26,0.0,6338.0
2021-02-27,0.0,6382.0
2021-02-28,0.0,6268.0
2021-03-01,0.0,6519.0
2021-03-02,0.0,6948.0
2021-03-03,0.0,7220.0
2021-03-04,0.0,7466.0
2021-03-05,0.0,8005.0
2021-03-06,0.0,8131.0
2021-03-07,0.0,7871.0
2021-03-08,0.0,8093.0
2021-03-09,0.0,8364.0
2021-03-10,0.0,8519.0
2021-03-11,0.0,8678.0
2021-03-12,0.0,9174.0
2021-03-13,0.0,9178.0
2021-03-14,0.0,8945.0
2021-03-15,0.0,9122.0
2021-03-16,0.0,9444.0
2021-03-17,0.0,9496.0
2021-03-18,0.0,9465.0
2021-03-19,0.0,9728.0
2021-03-20,0.0,9507.0
2021-03-21,0.0,9091.0
2021-03-22,0.0,9087.0
2021-03-23,0.0,9120.0
2021-03-24,0.0,9040.0
2021-03-25,0.0,9075.0
2021-03-26,0.0,9334.0
2021-03-27,0.0,9106.0
2021-03-28,0.0,8656.0
2021-03-29,0.0,8709.0
2021-03-30,0.0,8615.0
2021-03-31,0.0,8430.0
2021-04-01,0.0,8457.0
2021-04-02,0.0,8879.0
2021-04-03,0.0,8630.0
2021-04-04,0.0,8170.0
2021-04-05,0.0,7825.0
2021-04-06,0.0,7705.0
2021-04-07,0.0,7356.0
2021-04-08,0.0,7120.0
2021-04-09,0.0,7216.0
2021-04-10,0.0,7108.0
2021-04-11,0.0,6618.0
2021-04-12,0.0,6371.0
2021-04-13,0.0,6312.0
2021-04-14,0.0,6067.0
2021-04-15,0.0,5928.0
2021-04-16,0.0,5860.0
2021-04-17,0.0,5639.0
2021-04-18,0.0,5333.0
2021-04-19,0.0,5286.0
2021-04-20,0.0,5270.0
2021-04-21,0.0,5312.0
2021-04-22,0.0,5300.0
2021-04-23,0.0,5336.0
2021-04-24,0.0,5177.0
2021-04-25,0.0,4898.0
2021-04-26,0.0,4807.0
2021-04-27,0.0,4741.0
2021-04-28,0.0,4668.0
2021-04-29,0.0,4572.0
2021-04-30,0.0,4629.0
2021-05-01,0.0,4375.0
2021-05-02,0.0,4114.0
2021-05-03,0.0,3999.0
2021-05-04,0.0,3986.0
2021-05-05,0.0,3843.0
2021-05-06,0.0,3778.0
2021-05-07,0.0,3785.0
2021-05-08,0.0,3544.0
2021-05-09,0.0,3165.0
2021-05-10,0.0,3071.0
2021-05-11,0.0,2927.0
2021-05-12,0.0,2805.0
2021-05-13,0.0,2737.0
2021-05-14,0.0,2780.0
2021-05-15,0.0,2544.0
2021-05-16,0.0,2372.0
2021-05-17,0.0,2290.0
2021-05-18,0.0,2130.0
2021-05-19,0.0,2007.0
2021-05-20,0.0,1962.0
2021-05-21,0.0,1937.0
2021-05-22,0.0,1738.0
2021-05-23,0.0,1620.0
2021-05-24,0.0,1547.0
2021-05-25,0.0,1428.0
2021-05-26,0.0,1383.0
2021-05-27,0.0,1337.0
2021-05-28,0.0,1342.0
2021-05-29,0.0,1258.0
2021-05-30,0.0,1189.0
2021-05-31,0.0,1118.0
2021-06-01,0.0,1116.0
2021-06-02,0.0,1020.0
2021-06-03,0.0,988.0
2021-06-04,0.0,1005.0
2021-06-05,0.0,938.0
2021-06-06,0.0,876.0
2021-06-07,0.0,890.0
2021-06-08,0.0,871.0
2021-06-09,0.0,819.0
2021-06-10,0.0,792.0
2021-06-11,0.0,758.0
2021-06-12,0.0,696.0
2021-06-13,0.0,641.0
2021-06-14,0.0,601.0
2021-06-15,0.0,601.0
2021-06-16,0.0,583.0
2021-06-17,0.0,546.0
2021-06-18,0.0,527.0
2021-06-19,0.0,489.0
2021-06-20,0.0,430.0
2021-06-21,0.0,399.0
2021-06-22,0.0,412.0
2021-06-23,0.0,393.0
2021-06-24,0.0,410.0
2021-06-25,0.0,408.0
2021-06-26,0.0,398.0
2021-06-27,0.0,352.0
2021-06-28,0.0,355.0
2021-06-29,0.0,339.0
2021-06-30,0.0,340.0
2021-07-01,0.0,344.0
2021-07-02,0.0,342.0
2021-07-03,0.0,326.0
2021-07-04,0.0,323.0
2021-07-05,0.0,324.0
2021-07-06,0.0,320.0
2021-07-07,0.0,351.0
2021-07-08,0.0,382.0
2021-07-09,0.0,396.0
2021-07-10,0.0,401.0
2021-07-11,0.0,404.0
2021-07-12,0.0,404.0
2021-07-13,0.0,421.0
2021-07-14,0.0,433.0
2021-07-15,0.0,466.0
2021-07-16,0.0,514.0
2021-07-17,0.0,548.0
2021-07-18,0.0,555.0
2021-07-19,0.0,626.0
2021-07-20,0.0,680.0
2021-07-21,0.0,737.0
2021-07-22,0.0,814.0
2021-07-23,0.0,885.0
2021-07-24,0.0,906.0
2021-07-25,0.0,960.0
2021-07-26,0.0,996.0
2021-07-27,0.0,1009.0
2021-07-28,0.0,1047.0
2021-07-29,0.0,1072.0
2021-07-30,0.0,1115.0
2021-07-31,0.0,1135.0
2021-08-01,0.0,1161.0
2021-08-02,0.0,1207.0
2021-08-03,0.0,1297.0
2021-08-04,0.0,1324.0
2021-08-05,0.0,1375.0
2021-08-06,0.0,1453.0
2021-08-07,0.0,1467.0
2021-08-08,0.0,1432.0
2021-08-09,0.0,1497.0
2021-08-10,0.0,1543.0
2021-08-11,0.0,1561.0
2021-08-12,0.0,1600.0
2021-08-13,0.0,1694.0
2021-08-14,0.0,1672.0
2021-08-15,0.0,1645.0
2021-08-16,0.0,1719.0
2021-08-17,0.0,1740.0
2021-08-18,0.0,1772.0
2021-08-19,0.0,1808.0
2021-08-20,0.0,1853.0
2021-08-21,0.0,1818.0
2021-08-22,0.0,1761.0
2021-08-23,0.0,1745.0
2021-08-24,0.0,1763.0
2021-08-25,0.0,1783.0
2021-08-26,0.0,1821.0
2021-08-27,0.0,1915.0
2021-08-28,0.0,1903.0
2021-08-29,0.0,1845.0
2021-08-30,0.0,1804.0
2021-08-31,0.0,1742.0
2021-09-01,0.0,1710.0
2021-09-02,0.0,1719.0
2021-09-03,0.0,1735.0
2021-09-04,0.0,1747.0
2021-09-05,0.0,1662.0
2021-09-06,0.0,1656.0
2021-09-07,0.0,1621.0
2021-09-08,0.0,1597.0
2021-09-09,0.0,1564.0
2021-09-10,0.0,1607.0
2021-09-11,0.0,1556.0
2021-09-12,0.0,1463.0
2021-09-13,0.0,1475.0
2021-09-14,0.0,1442.0
2021-09-15,0.0,1386.0
2021-09-16,0.0,1374.0
2021-09-17,0.0,1391.0
2021-09-18,0.0,1297.0
2021-09-19,0.0,1233.0
2021-09-20,0.0,1215.0
2021-09-21,0.0,1169.0
2021-09-22,0.0,1114.0
2021-09-23,0.0,1126.0
2021-09-24,0.0,1117.0
2021-09-25,0.0,1069.0
2021-09-26,0.0,991.0
2021-09-27,0.0,1006.0
2021-09-28,0.0,950.0
2021-09-29,0.0,920.0
2021-09-30,0.0,916.0
2021-10-01,0.0,958.0
2021-10-02,0.0,909.0
2021-10-03,0.0,873.0
2021-10-04,0.0,881.0
2021-10-05,0.0,876.0
2021-10-06,0.0,830.0
2021-10-07,0.0,822.0
2021-10-08,0.0,819.0
2021-10-09,0.0,779.0
2021-10-10,0.0,731.0
2021-10-11,0.0,724.0
2021-10-12,0.0,719.0
2021-10-13,0.0,729.0
2021-10-14,0.0,734.0
2021-10-15,0.0,780.0
2021-10-16,0.0,792.0
2021-10-17,0.0,772.0
2021-10-18,0.0,807.0
2021-10-19,0.0,881.0
2021-10-20,0.0,903.0
2021-10-21,0.0,940.0
2021-10-22,0.0,1041.0
2021-10-23,0.0,1033.0
2021-10-24,0.0,1006.0
2021-10-25,0.0,1042.0
2021-10-26,0.0,1069.0
2021-10-27,0.0,1091.0
2021-10-28,0.0,1144.0
2021-10-29,0.0,1206.0
2021-10-30,0.0,1223.0
2021-10-31,0.0,1237.0
2021-11-01,0.0,1198.0
2021-11-02,0.0,1251.0
2021-11-03,0.0,1290.0
2021-11-04,0.0,1372.0
2021-11-05,0.0,1445.0
2021-11-06,0.0,1481.0
2021-11-07,0.0,1437.0
2021-11-08,0.0,1484.0
2021-11-09,0.0,1468.0
2021-11-10,0.0,1484.0
2021-11-11,0.0,1525.0
2021-11-12,0.0,1643.0
2021-11-13,0.0,1662.0
2021-11-14,0.0,1651.0
2021-11-15,0.0,1718.0
2021-11-16,0.0,1837.0
2021-11-17,0.0,1869.0
2021-11-18,0.0,1902.0
2021-11-19,0.0,2019.0
2021-11-20,0.0,2006.0
2021-11-21,0.0,1945.0
2021-11-22,0.0,2005.0
2021-11-23,0.0,2077.0
2021-11-24,0.0,2086.0
2021-11-25,0.0,2175.0
2021-11-26,0.0,2307.0
2021-11-27,0.0,2293.0
2021-11-28,0.0,2218.0
2021-11-29,0.0,2304.0
2021-11-30,0.0,2317.0
2021-12-01,0.0,2298.0
2021-12-02,0.0,2403.0
2021-12-03,0.0,2551.0
2021-12-04,0.0,2557.0
2021-12-05,0.0,2535.0
2021-12-06,0.0,2701.0
2021-12-07,0.0,2709.0
2021-12-08,0.0,2713.0
2021-12-09,0.0,2832.0
2021-12-10,0.0,3004.0
2021-12-11,0.0,2991.0
2021-12-12,0.0,2961.0
2021-12-13,0.0,3129.0
2021-12-14,0.0,3186.0
2021-12-15,0.0,3242.0
2021-12-16,0.0,3323.0
2021-12-17,0.0,3546.0
2021-12-18,0.0,3511.0
2021-12-19,0.0,3464.0
2021-12-20,0.0,3578.0
2021-12-21,0.0,3722.0
2021-12-22,0.0,3830.0
2021-12-23,0.0,4004.0
2021-12-24,0.0,4317.0
2021-12-25,0.0,4423.0
2021-12-26,0.0,4497.0
2021-12-27,0.0,4853.0
2021-12-28,0.0,5262.0
2021-12-29,0.0,5654.0
2021-12-30,0.0,5998.0
2021-12-31,0.0,6420.0
2022-01-01,0.0,6481.0
2022-01-02,0.0,6398.0
2022-01-03,0.0,6676.0
2022-01-04,0.0,7225.0
2022-01-05,0.0,7647.0
2022-01-06,0.0,7952.0
2022-01-07,0.0,8480.0
2022-01-08,0.0,8487.0
2022-01-09,0.0,8056.0
2022-01-10,0.0,8006.0
2022-01-11,0.0,8096.0
2022-01-12,0.0,8088.0
2022-01-13,0.0,8081.0
2022-01-14,0.0,8363.0
2022-01-15,0.0,8212.0
2022-01-16,0.0,7807.0
2022-01-17,0.0,7898.0
2022-01-18,0.0,8087.0
2022-01-19,0.0,8105.0
2022-01-20,0.0,8167.0
2022-01-21,0.0,8437.0
2022-01-22,0.0,8095.0
2022-01-23,0.0,7468.0
2022-01-24,0.0,7413.0
2022-01-25,0.0,7325.0
2022-01-26,0.0,7310.0
2022-01-27,0.0,7330.0
2022-01-28,0.0,7534.0
2022-01-29,0.0,7199.0
2022-01-30,0.0,6737.0
2022-01-31,0.0,6663.0
2022-02-01,0.0,6558.0
2022-02-02,0.0,6557.0
2022-02-03,0.0,6545.0
2022-02-04,0.0,6678.0
2022-02-05,0.0,6262.0
2022-02-06,0.0,5828.0
2022-02-07,0.0,5607.0
2022-02-08,0.0,5461.0
2022-02-09,0.0,5358.0
2022-02-10,0.0,5344.0
2022-02-11,0.0,5356.0
2022-02-12,0.0,5057.0
2022-02-13,0.0,4644.0
2022-02-14,0.0,4509.0
2022-02-15,0.0,4366.0
2022-02-16,0.0,4224.0
2022-02-17,0.0,4142.0
2022-02-18,0.0,4215.0
2022-02-19,0.0,3942.0
2022-02-20,0.0,3657.0
2022-02-21,0.0,3677.0
2022-02-22,0.0,3589.0
2022-02-23,0.0,3522.0
2022-02-24,0.0,3435.0
2022-02-25,0.0,3453.0
2022-02-26,0.0,3161.0
2022-02-27,0.0,2885.0
2022-02-28,0.0,2790.0
2022-03-01,0.0,2819.0
2022-03-02,0.0,2820.0
2022-03-03,0.0,2942.0
2022-03-04,0.0,3097.0
2022-03-05,0.0,2985.0
2022-03-06,0.0,2814.0
2022-03-07,0.0,2809.0
2022-03-08,0.0,2780.0
2022-03-09,0.0,2801.0
2022-03-10,0.0,2879.0
2022-03-11,0.0,3055.0
2022-03-12,0.0,3025.0
2022-03-13,0.0,2979.0
2022-03-14,0.0,3057.0
2022-03-15,0.0,3244.0
2022-03-16,0.0,3356.0
2022-03-17,0.0,3552.0
2022-03-18,0.0,3705.0
2022-03-19,0.0,3691.0
2022-03-20,0.0,3509.0
2022-03-21,0.0,3573.0
2022-03-22,0.0,3590.0
2022-03-23,0.0,3684.0
2022-03-24,0.0,3751.0
2022-03-25,0.0,3937.0
2022-03-26,0.0,3859.0
2022-03-27,0.0,3714.0
2022-03-28,0.0,3758.0
2022-03-29,0.0,3914.0
2022-03-30,0.0,3960.0
2022-03-31,0.0,4097.0
2022-04-01,0.0,4224.0
2022-04-02,0.0,4038.0
2022-04-03,0.0,3698.0
2022-04-04,0.0,3654.0
2022-04-05,0.0,3549.0
2022-04-06,0.0,3591.0
2022-04-07,0.0,3747.0
2022-04-08,0.0,3971.0
2022-04-09,0.0,3907.0
2022-04-10,0.0,3672.0
2022-04-11,0.0,3608.0
2022-04-12,0.0,3566.0
2022-04-13,0.0,3560.0
2022-04-14,0.0,3622.0
2022-04-15,0.0,3799.0
2022-04-16,0.0,3746.0
2022-04-17,0.0,3498.0
2022-04-18,0.0,3322.0
2022-04-19,0.0,3366.0
2022-04-20,0.0,3488.0
2022-04-21,0.0,3520.0
2022-04-22,0.0,3707.0
2022-04-23,0.0,3732.0
2022-04-24,0.0,3466.0
2022-04-25,0.0,3158.0
2022-04-26,0.0,3191.0
2022-04-27,0.0,3215.0
2022-04-28,0.0,3299.0
2022-04-29,0.0,3414.0
2022-04-30,0.0,3412.0
2022-05-01,0.0,3144.0
2022-05-02,0.0,3064.0
2022-05-03,0.0,2987.0
2022-05-04,0.0,2919.0
2022-05-05,0.0,2969.0
2022-05-06,0.0,3056.0
2022-05-07,0.0,2842.0
2022-05-08,0.0,2616.0
2022-05-09,0.0,2548.0
2022-05-10,0.0,2545.0
2022-05-11,0.0,2528.0
2022-05-12,0.0,2628.0
2022-05-13,0.0,2703.0
2022-05-14,0.0,2614.0
2022-05-15,0.0,2398.0
2022-05-16,0.0,2330.0
2022-05-17,0.0,2266.0
2022-05-18,0.0,2272.0
2022-05-19,0.0,2222.0
2022-05-20,0.0,2252.0
2022-05-21,0.0,2086.0
2022-05-22,0.0,1897.0
2022-05-23,0.0,1817.0
2022-05-24,0.0,1803.0
2022-05-25,0.0,1790.0
2022-05-26,0.0,1814.0
2022-05-27,0.0,1833.0
2022-05-28,0.0,1718.0
2022-05-29,0.0,1599.0
2022-05-30,0.0,1554.0
2022-05-31,0.0,1548.0
2022-06-01,0.0,1553.0
2022-06-02,0.0,1511.0
2022-06-03,0.0,1582.0
2022-06-04,0.0,1535.0
2022-06-05,0.0,1456.0
2022-06-06,0.0,1493.0
2022-06-07,0.0,1612.0
2022-06-08,0.0,1642.0
2022-06-09,0.0,1664.0
2022-06-10,0.0,1739.0
2022-06-11,0.0,1676.0
2022-06-12,0.0,1628.0
2022-06-13,0.0,1675.0
2022-06-14,0.0,1827.0
2022-06-15,0.0,1963.0
2022-06-16,0.0,2136.0
2022-06-17,0.0,2294.0
2022-06-18,0.0,2345.0
2022-06-19,0.0,2304.0
2022-06-20,0.0,2403.0
2022-06-21,0.0,2535.0
2022-06-22,0.0,2635.0
2022-06-23,0.0,2816.0
2022-06-24,0.0,2998.0
2022-06-25,0.0,3080.0
2022-06-26,0.0,2994.0
2022-06-27,0.0,3202.0
2022-06-28,0.0,3309.0
2022-06-29,0.0,3503.0
2022-06-30,0.0,3686.0
2022-07-01,0.0,4079.0
2022-07-02,0.0,4101.0
2022-07-03,0.0,4070.0
2022-07-04,0.0,4261.0
2022-07-05,0.0,4384.0
2022-07-06,0.0,4448.0
2022-07-07,0.0,4660.0
2022-07-08,0.0,4895.0
2022-07-09,0.0,4744.0
2022-07-10,0.0,4502.0
2022-07-11,0.0,4564.0
2022-07-12,0.0,4554.0
2022-07-13,0.0,4554.0
2022-07-14,0.0,4720.0
2022-07-15,0.0,4947.0
2022-07-16,0.0,4737.0
2022-07-17,0.0,4419.0
2022-07-18,0.0,4478.0
2022-07-19,0.0,4444.0
2022-07-20,0.0,4491.0
2022-07-21,0.0,4609.0
2022-07-22,0.0,4823.0
2022-07-23,0.0,4550.0
2022-07-24,0.0,4210.0
2022-07-25,0.0,4123.0
2022-07-26,0.0,4044.0
2022-07-27,0.0,3942.0
2022-07-28,0.0,3946.0
2022-07-29,0.0,3987.0
2022-07-30,0.0,3676.0
2022-07-31,0.0,3287.0
2022-08-01,0.0,3207.0
2022-08-02,0.0,3171.0
2022-08-03,0.0,3099.0
2022-08-04,0.0,3069.0
2022-08-05,0.0,3186.0
2022-08-06,0.0,2973.0
2022-08-07,0.0,2689.0
2022-08-08,0.0,2640.0
2022-08-09,0.0,2685.0
2022-08-10,0.0,2635.0
2022-08-11,0.0,2611.0
2022-08-12,0.0,2620.0
2022-08-13,0.0,2417.0
2022-08-14,0.0,2120.0
2022-08-15,0.0,1920.0
2022-08-16,0.0,1907.0
2022-08-17,0.0,1945.0
2022-08-18,0.0,1998.0
2022-08-19,0.0,2093.0
2022-08-20,0.0,2116.0
2022-08-21,0.0,1948.0
2022-08-22,0.0,1882.0
2022-08-23,0.0,1912.0
2022-08-24,0.0,1888.0
2022-08-25,0.0,1836.0
2022-08-26,0.0,1889.0
2022-08-27,0.0,1795.0
2022-08-28,0.0,1607.0
2022-08-29,0.0,1579.0
2022-08-30,0.0,1613.0
2022-08-31,0.0,1589.0
2022-09-01,0.0,1639.0
2022-09-02,0.0,1706.0
2022-09-03,0.0,1605.0
2022-09-04,0.0,1483.0
2022-09-05,0.0,1473.0
2022-09-06,0.0,1403.0
2022-09-07,0.0,1412.0
2022-09-08,0.0,1445.0
2022-09-09,0.0,1478.0
2022-09-10,0.0,1404.0
2022-09-11,0.0,1318.0
2022-09-12,0.0,1290.0
2022-09-13,0.0,1291.0
2022-09-14,0.0,1326.0
2022-09-15,0.0,1357.0
2022-09-16,0.0,1455.0
2022-09-17,0.0,1421.0
2022-09-18,0.0,1319.0
2022-09-19,0.0,1324.0
2022-09-20,0.0,1363.0
2022-09-21,0.0,1347.0
2022-09-22,0.0,1384.0
2022-09-23,0.0,1505.0
2022-09-24,0.0,1497.0
2022-09-25,0.0,1457.0
2022-09-26,0.0,1610.0
2022-09-27,0.0,1765.0
2022-09-28,0.0,1932.0
2022-09-29,0.0,2120.0
2022-09-30,0.0,2302.0
2022-10-01,0.0,2314.0
2022-10-02,0.0,2254.0
2022-10-03,0.0,2350.0
2022-10-04,0.0,2414.0
2022-10-05,0.0,2548.0
2022-10-06,0.0,2620.0
2022-10-07,0.0,2801.0
2022-10-08,0.0,2774.0
2022-10-09,0.0,2669.0
2022-10-10,0.0,2713.0
2022-10-11,0.0,2806.0
2022-10-12,0.0,2848.0
2022-10-13,0.0,2815.0
2022-10-14,0.0,2967.0
2022-10-15,0.0,2783.0
2022-10-16,0.0,2567.0
2022-10-17,0.0,2471.0
2022-10-18,0.0,2470.0
2022-10-19,0.0,2286.0
2022-10-20,0.0,2231.0
2022-10-21,0.0,2085.0
2022-10-22,0.0,1661.0
2022-10-23,0.0,1161.0
